{
    "IntendedFor": "anat/*_space-T1w_desc-groundtruth_afids.fcsv",
    "FiducialsCoordinateSystem": "RAS",
    "FiducialsCoordinateUnits": "mm",
    "FiducialsCoordinateSystemDescription": "RAS orientation: Origin halfway between LPA and RPA, positive x-axis towards RPA, positive y-axis orthogonal to x-axis through Nasion,  z-axis orthogonal to xy-plane, pointing in superior direction.",
    "FiducialsCoordinates": {
        "AC": [
            -0.6118652714866496,
            3.3806264314898784,
            -2.491723726723984
        ],
        "PC": [
            -0.3955584228084229,
            -25.2809266017586,
            -0.3725259999999999
        ],
        "infracollicular sulcus": [
            0.5024726104982475,
            -36.14344236461474,
            -9.92256001589457
        ],
        "PMJ": [
            0.154206901731932,
            -19.29706637005053,
            -16.248466638851166
        ],
        "superior interpeduncular fossa": [
            -0.0383876754596479,
            -13.684825656061756,
            -8.338793349227904
        ],
        "R superior LMS": [
            11.33191541039158,
            -28.209721196269477,
            -8.639966682561239
        ],
        "L superior LMS": [
            -11.397914761310878,
            -27.759407733120003,
            -7.660416690508524
        ],
        "R inferior LMS": [
            11.271009192496564,
            -28.69606818189165,
            -17.930899968210856
        ],
        "L inferior LMS": [
            -10.824022028060687,
            -27.84142172069687,
            -18.71399996423721
        ],
        "culmen": [
            -0.7546981542488534,
            -49.49236670421914,
            2.952155370022055
        ],
        "intermammillary sulcus": [
            -0.5748348209155201,
            -7.447644776784846,
            -12.748818039576973
        ],
        "R MB": [
            1.976845163189908,
            -6.552413134211913,
            -11.77326400077448
        ],
        "L MB": [
            -2.3513373920437632,
            -7.340304764109816,
            -11.544566666666666
        ],
        "pineal gland": [
            0.284628798288288,
            -30.65081425468468,
            2.964693333333333
        ],
        "R LV at AC": [
            15.137646929909906,
            5.2462828068468506,
            25.894099996026355
        ],
        "L LV at AC": [
            -16.488902185045248,
            7.724696709459489,
            25.843433329359687
        ],
        "R LV at PC": [
            17.34521293846847,
            -26.88910614018018,
            28.556533337306977
        ],
        "L LV at PC": [
            -17.982113149189406,
            -27.131544297477493,
            28.59583333730698
        ],
        "genu of CC": [
            0.3288706752252301,
            34.45253947351352,
            5.01682665871938
        ],
        "splenium of CC": [
            -0.6964133333333334,
            -43.2837301643581,
            7.112222907284072
        ],
        "R AL temporal horn": [
            33.75027412306306,
            -6.10312719315315,
            -20.98709999602636
        ],
        "L AL temporal horn": [
            -32.79945414964008,
            -8.092198288918937,
            -20.84763333333333
        ],
        "R superior AM temporal horn": [
            16.70450679828829,
            -9.544293859819817,
            -14.187600007947289
        ],
        "L superior AM temporal horn": [
            -19.12574516630654,
            -10.765566666666668,
            -13.239966674613951
        ],
        "R inferior AM temporal horn": [
            16.24806073720742,
            -6.030318157297313,
            -22.182200035762783
        ],
        "L inferior AM temporal horn": [
            -17.294822369189173,
            -5.849157762432454,
            -24.36376668256124
        ],
        "R indusium griseum origin": [
            11.66484209945961,
            -42.13184692990991,
            6.4227333174387615
        ],
        "L indusium griseum origin": [
            -11.09364013162162,
            -45.296119078648665,
            4.77544
        ],
        "R ventral occipital horn": [
            17.572439473513516,
            -86.6849611845946,
            4.90625332935969
        ],
        "L ventral occipital horn": [
            -14.698989246576774,
            -93.24994166504509,
            1.733051845254262
        ],
        "R olfactory sulcal fundus": [
            9.455825918098691,
            18.132529165298845,
            -10.884500003973642
        ],
        "L olfactory sulcal fundus": [
            -13.567850864715716,
            15.791071184184553,
            -11.808866662693022
        ]
    }
}
