{
    "IntendedFor": "anat/*_space-T1w_desc-groundtruth_afids.fcsv",
    "FiducialsCoordinateSystem": "RAS",
    "FiducialsCoordinateUnits": "mm",
    "FiducialsCoordinateSystemDescription": "RAS orientation: Origin halfway between LPA and RPA, positive x-axis towards RPA, positive y-axis orthogonal to x-axis through Nasion,  z-axis orthogonal to xy-plane, pointing in superior direction.",
    "FiducialsCoordinates": {
        "AC": [
            0.2682856666666666,
            3.48368,
            -1.418316666666667
        ],
        "PC": [
            0.2921546666666667,
            -24.62323333333333,
            0.1180311
        ],
        "infracollicular sulcus": [
            0.406553,
            -37.1615,
            -8.985966666666666
        ],
        "PMJ": [
            0.4891940000000001,
            -22.8029,
            -17.104833333333335
        ],
        "superior interpeduncular fossa": [
            0.540828,
            -12.818566666666667,
            -7.406983333333334
        ],
        "R superior LMS": [
            12.7537,
            -26.568366666666662,
            -6.2840066666666665
        ],
        "L superior LMS": [
            -11.1125,
            -27.61526666666667,
            -6.997633333333334
        ],
        "R inferior LMS": [
            10.992966666666666,
            -29.909433333333336,
            -16.1344
        ],
        "L inferior LMS": [
            -9.9501,
            -29.2393,
            -16.3395
        ],
        "culmen": [
            0.2039339999999999,
            -50.92536666666667,
            2.0123200000000003
        ],
        "intermammillary sulcus": [
            0.377149,
            -7.60128,
            -11.8989
        ],
        "R MB": [
            2.705386666666667,
            -7.211629999999999,
            -10.16415
        ],
        "L MB": [
            -1.44257,
            -7.692256666666666,
            -10.25534
        ],
        "pineal gland": [
            0.5454263333333333,
            -29.69973333333333,
            3.4033300000000004
        ],
        "R LV at AC": [
            13.6618,
            3.8561266666666665,
            24.59776666666667
        ],
        "L LV at AC": [
            -12.8621,
            3.379426666666667,
            23.058566666666668
        ],
        "R LV at PC": [
            19.3184,
            -24.01353333333334,
            28.642266666666668
        ],
        "L LV at PC": [
            -17.882,
            -24.030166666666663,
            27.12676666666667
        ],
        "genu of CC": [
            0.1313423333333333,
            33.034866666666666,
            5.76812
        ],
        "splenium of CC": [
            0.2961313333333333,
            -38.208333333333336,
            8.095376666666667
        ],
        "R AL temporal horn": [
            31.67093333333333,
            -3.6653633333333335,
            -21.6221
        ],
        "L AL temporal horn": [
            -31.64473333333333,
            -5.880913333333333,
            -21.4649
        ],
        "R superior AM temporal horn": [
            18.049666666666667,
            -9.119086666666666,
            -12.684033333333332
        ],
        "L superior AM temporal horn": [
            -17.8483,
            -10.786499999999998,
            -12.826533333333332
        ],
        "R inferior AM temporal horn": [
            23.88893333333333,
            -5.336336666666668,
            -22.737166666666667
        ],
        "L inferior AM temporal horn": [
            -25.1086,
            -5.882266666666666,
            -21.9676
        ],
        "R indusium griseum origin": [
            12.3354,
            -43.31046666666666,
            8.168813333333333
        ],
        "L indusium griseum origin": [
            -12.484466666666668,
            -46.83786666666666,
            6.6452366666666665
        ],
        "R ventral occipital horn": [
            20.95823333333333,
            -80.00853333333333,
            8.712166666666667
        ],
        "L ventral occipital horn": [
            -18.0748,
            -77.57773333333334,
            1.2428333333333337
        ],
        "R olfactory sulcal fundus": [
            11.8833,
            21.71693333333333,
            -6.692010000000001
        ],
        "L olfactory sulcal fundus": [
            -11.0187,
            17.68126666666667,
            -8.395573333333333
        ]
    }
}
