{
    "IntendedFor": "anat/*_space-T1w_desc-groundtruth_afids.fcsv",
    "FiducialsCoordinateSystem": "RAS",
    "FiducialsCoordinateUnits": "mm",
    "FiducialsCoordinateSystemDescription": "RAS orientation: Origin halfway between LPA and RPA, positive x-axis towards RPA, positive y-axis orthogonal to x-axis through Nasion,  z-axis orthogonal to xy-plane, pointing in superior direction.",
    "FiducialsCoordinates": {
        "AC": [
            0.0385226666666666,
            1.6276933333333332,
            -4.835629999999999
        ],
        "PC": [
            0.1578022999999999,
            -24.299066666666665,
            -4.225386666666666
        ],
        "infracollicular sulcus": [
            0.2360244333333333,
            -35.42613333333333,
            -13.1497
        ],
        "PMJ": [
            0.3049585333333333,
            -20.08523333333333,
            -18.053933333333333
        ],
        "superior interpeduncular fossa": [
            0.4521213333333333,
            -12.464033333333331,
            -10.2426
        ],
        "R superior LMS": [
            12.088633333333334,
            -24.74563333333333,
            -10.435066666666666
        ],
        "L superior LMS": [
            -10.9961,
            -24.686333333333334,
            -10.268433333333332
        ],
        "R inferior LMS": [
            10.429633333333332,
            -27.4429,
            -19.2533
        ],
        "L inferior LMS": [
            -9.55243,
            -26.733966666666664,
            -19.142833333333336
        ],
        "culmen": [
            0.1888616666666667,
            -54.46476666666667,
            -3.41874
        ],
        "intermammillary sulcus": [
            0.6820326666666667,
            -6.508066666666667,
            -14.319966666666668
        ],
        "R MB": [
            2.9317,
            -6.683973333333333,
            -13.352533333333334
        ],
        "L MB": [
            -1.3123366666666667,
            -6.851206666666667,
            -13.472333333333331
        ],
        "pineal gland": [
            -0.1510166666666666,
            -30.364266666666666,
            -1.6348200000000002
        ],
        "R LV at AC": [
            12.6396,
            1.2296456666666666,
            21.0132
        ],
        "L LV at AC": [
            -13.713666666666668,
            1.228263,
            20.83153333333333
        ],
        "R LV at PC": [
            15.832366666666667,
            -24.3617,
            22.1592
        ],
        "L LV at PC": [
            -16.0919,
            -24.53386666666667,
            21.688866666666662
        ],
        "genu of CC": [
            0.2753476666666667,
            28.17353333333333,
            4.974043333333334
        ],
        "splenium of CC": [
            0.7480846666666666,
            -36.241733333333336,
            2.7573333333333334
        ],
        "R AL temporal horn": [
            30.851466666666667,
            -4.1972966666666665,
            -22.91263333333333
        ],
        "L AL temporal horn": [
            -29.9752,
            -5.17821,
            -23.070933333333333
        ],
        "R superior AM temporal horn": [
            20.1377,
            -9.279656666666668,
            -13.0888
        ],
        "L superior AM temporal horn": [
            -17.168333333333333,
            -10.037433333333333,
            -14.436
        ],
        "R inferior AM temporal horn": [
            19.591566666666665,
            -1.46803,
            -23.376166666666663
        ],
        "L inferior AM temporal horn": [
            -19.3334,
            -3.8812333333333338,
            -25.026266666666668
        ],
        "R indusium griseum origin": [
            12.1565,
            -39.7775,
            1.5107
        ],
        "L indusium griseum origin": [
            -11.201766666666666,
            -42.40703333333334,
            2.48213
        ],
        "R ventral occipital horn": [
            18.87,
            -67.87026666666667,
            3.9755533333333335
        ],
        "L ventral occipital horn": [
            -17.987266666666667,
            -69.7903,
            1.69185
        ],
        "R olfactory sulcal fundus": [
            12.096233333333332,
            17.619500000000002,
            -7.706916666666667
        ],
        "L olfactory sulcal fundus": [
            -10.427666666666669,
            15.031933333333331,
            -10.275366666666663
        ]
    }
}
