{
    "IntendedFor": "anat/*_space-T1w_desc-groundtruth_afids.fcsv",
    "FiducialsCoordinateSystem": "RAS",
    "FiducialsCoordinateUnits": "mm",
    "FiducialsCoordinateSystemDescription": "RAS orientation: Origin halfway between LPA and RPA, positive x-axis towards RPA, positive y-axis orthogonal to x-axis through Nasion,  z-axis orthogonal to xy-plane, pointing in superior direction.",
    "FiducialsCoordinates": {
        "AC": [
            0.184295,
            0.312888,
            6.611053333333333
        ],
        "PC": [
            -0.031637,
            -25.675366666666665,
            2.336356666666666
        ],
        "infracollicular sulcus": [
            -0.0055039999999999,
            -36.01263333333333,
            -9.1679
        ],
        "PMJ": [
            0.6923860000000001,
            -20.169633333333334,
            -13.054066666666666
        ],
        "superior interpeduncular fossa": [
            0.1977053666666667,
            -13.245433333333333,
            -3.375086666666667
        ],
        "R superior LMS": [
            11.8996,
            -27.3683,
            -5.1573
        ],
        "L superior LMS": [
            -11.5535,
            -27.157333333333337,
            -5.940616666666667
        ],
        "R inferior LMS": [
            10.308066666666669,
            -28.914866666666665,
            -14.435933333333333
        ],
        "L inferior LMS": [
            -9.8835,
            -27.633466666666664,
            -14.736766666666668
        ],
        "culmen": [
            -0.8778229999999999,
            -56.00086666666667,
            3.38853
        ],
        "intermammillary sulcus": [
            0.7688833333333333,
            -7.096396666666666,
            -7.22776
        ],
        "R MB": [
            2.8384400000000003,
            -7.023306666666667,
            -5.985756666666666
        ],
        "L MB": [
            -1.9639433333333336,
            -7.19545,
            -5.968176666666667
        ],
        "pineal gland": [
            -0.241722,
            -33.568333333333335,
            4.2782100000000005
        ],
        "R LV at AC": [
            13.6534,
            -4.952003333333334,
            32.16256666666667
        ],
        "L LV at AC": [
            -14.743533333333334,
            -4.201006666666667,
            31.2144
        ],
        "R LV at PC": [
            17.4275,
            -29.103266666666663,
            30.05826666666667
        ],
        "L LV at PC": [
            -18.8693,
            -28.1932,
            29.337533333333337
        ],
        "genu of CC": [
            1.6355533333333334,
            29.05456666666667,
            18.4151
        ],
        "splenium of CC": [
            0.0956389999999999,
            -40.991833333333325,
            8.760203333333333
        ],
        "R AL temporal horn": [
            33.564166666666665,
            -2.638183333333333,
            -14.4447
        ],
        "L AL temporal horn": [
            -32.5092,
            -5.067973333333334,
            -14.898233333333332
        ],
        "R superior AM temporal horn": [
            19.423133333333336,
            -10.6682,
            -7.880113333333333
        ],
        "L superior AM temporal horn": [
            -20.7713,
            -11.811233333333334,
            -6.959766666666667
        ],
        "R inferior AM temporal horn": [
            21.668766666666667,
            -1.00448,
            -15.501966666666666
        ],
        "L inferior AM temporal horn": [
            -19.7328,
            -3.2852833333333336,
            -16.062233333333335
        ],
        "R indusium griseum origin": [
            12.948333333333332,
            -44.83873333333333,
            7.40062
        ],
        "L indusium griseum origin": [
            -11.828333333333331,
            -46.2228,
            6.269223333333333
        ],
        "R ventral occipital horn": [
            21.615033333333333,
            -75.3592,
            1.4121193333333333
        ],
        "L ventral occipital horn": [
            -20.444366666666667,
            -82.25003333333335,
            -4.089846666666666
        ],
        "R olfactory sulcal fundus": [
            13.384499999999996,
            16.839066666666664,
            3.145903333333333
        ],
        "L olfactory sulcal fundus": [
            -10.039513333333332,
            15.7228,
            0.3704846666666666
        ]
    }
}
