{
    "IntendedFor": "anat/*_space-T1w_desc-groundtruth_afids.fcsv",
    "FiducialsCoordinateSystem": "RAS",
    "FiducialsCoordinateUnits": "mm",
    "FiducialsCoordinateSystemDescription": "RAS orientation: Origin halfway between LPA and RPA, positive x-axis towards RPA, positive y-axis orthogonal to x-axis through Nasion,  z-axis orthogonal to xy-plane, pointing in superior direction.",
    "FiducialsCoordinates": {
        "AC": [
            0.7279666666666667,
            8.994183333333334,
            -9.084166666666668
        ],
        "PC": [
            1.2148066666666666,
            -20.74543333333333,
            -5.4540733333333336
        ],
        "infracollicular sulcus": [
            1.4590499999999995,
            -32.06066666666667,
            -14.022266666666669
        ],
        "PMJ": [
            1.2904099999999998,
            -17.235699999999998,
            -20.7806
        ],
        "superior interpeduncular fossa": [
            1.2384033333333333,
            -9.806766666666666,
            -13.277500000000002
        ],
        "R superior LMS": [
            12.901866666666669,
            -21.578033333333337,
            -11.478266666666668
        ],
        "L superior LMS": [
            -10.10348,
            -23.162366666666667,
            -12.100333333333332
        ],
        "R inferior LMS": [
            12.987033333333336,
            -22.62353333333333,
            -21.155833333333334
        ],
        "L inferior LMS": [
            -9.421256666666666,
            -23.587566666666664,
            -21.318366666666662
        ],
        "culmen": [
            0.2404059666666667,
            -48.245666666666665,
            3.38983
        ],
        "intermammillary sulcus": [
            1.21013,
            -4.27466,
            -17.738733333333332
        ],
        "R MB": [
            3.2461033333333336,
            -3.882926666666666,
            -16.679866666666666
        ],
        "L MB": [
            -0.9926566666666666,
            -4.18555,
            -16.971266666666665
        ],
        "pineal gland": [
            1.8759266666666667,
            -26.749233333333333,
            -1.520244666666667
        ],
        "R LV at AC": [
            14.101033333333334,
            5.914079999999999,
            18.4299
        ],
        "L LV at AC": [
            -13.684666666666669,
            5.49853,
            17.240666666666666
        ],
        "R LV at PC": [
            16.929,
            -19.359566666666662,
            21.529766666666664
        ],
        "L LV at PC": [
            -15.044833333333331,
            -19.9713,
            20.7804
        ],
        "genu of CC": [
            0.6258496666666667,
            32.834833333333336,
            -2.498196666666667
        ],
        "splenium of CC": [
            1.1222649999999998,
            -37.28683333333333,
            5.26043
        ],
        "R AL temporal horn": [
            31.101766666666663,
            -2.598376666666667,
            -24.0335
        ],
        "L AL temporal horn": [
            -28.744333333333334,
            -6.311306666666667,
            -24.8619
        ],
        "R superior AM temporal horn": [
            19.3162,
            -6.658756666666666,
            -16.444933333333335
        ],
        "L superior AM temporal horn": [
            -16.660333333333334,
            -9.606533333333331,
            -17.166733333333337
        ],
        "R inferior AM temporal horn": [
            19.66873333333333,
            0.1226803333333333,
            -27.224400000000003
        ],
        "L inferior AM temporal horn": [
            -19.29273333333333,
            -1.927536666666667,
            -28.5881
        ],
        "R indusium griseum origin": [
            11.422933333333331,
            -38.47523333333333,
            1.624553333333333
        ],
        "L indusium griseum origin": [
            -10.205973333333333,
            -40.96483333333333,
            3.04267
        ],
        "R ventral occipital horn": [
            18.732666666666667,
            -78.68773333333333,
            8.477996666666668
        ],
        "L ventral occipital horn": [
            -14.8166,
            -81.5088,
            6.6901
        ],
        "R olfactory sulcal fundus": [
            13.683,
            20.726633333333336,
            -16.567766666666667
        ],
        "L olfactory sulcal fundus": [
            -12.8874,
            17.66946666666667,
            -18.2041
        ]
    }
}
