{
    "IntendedFor": "anat/*_space-T1w_desc-groundtruth_afids.fcsv",
    "FiducialsCoordinateSystem": "RAS",
    "FiducialsCoordinateUnits": "mm",
    "FiducialsCoordinateSystemDescription": "RAS orientation: Origin halfway between LPA and RPA, positive x-axis towards RPA, positive y-axis orthogonal to x-axis through Nasion,  z-axis orthogonal to xy-plane, pointing in superior direction.",
    "FiducialsCoordinates": {
        "AC": [
            -0.1453873373069763,
            3.824165616739205,
            -6.653944609655693
        ],
        "PC": [
            -0.1505196983541383,
            -21.182853632383864,
            -3.1546000198682145
        ],
        "infracollicular sulcus": [
            -0.1526425142850628,
            -32.4106280397996,
            -10.734586666666669
        ],
        "PMJ": [
            -0.2217427969484059,
            -19.439865477381836,
            -20.32253333333333
        ],
        "superior interpeduncular fossa": [
            -0.1533325039122624,
            -10.643749197643713,
            -12.669333341280618
        ],
        "R superior LMS": [
            10.57154094210216,
            -22.37785514913604,
            -9.355733337306976
        ],
        "L superior LMS": [
            -10.58370061659335,
            -22.05604271251596,
            -9.928266666666666
        ],
        "R inferior LMS": [
            10.0131216146371,
            -27.169542579107105,
            -21.206266666666668
        ],
        "L inferior LMS": [
            -9.412408553603797,
            -26.878862728559312,
            -22.01516665871938
        ],
        "culmen": [
            0.158942,
            -43.58674477295048,
            -0.728641729567431
        ],
        "intermammillary sulcus": [
            -0.1164804448680113,
            -5.918682507567354,
            -16.991266662693025
        ],
        "R MB": [
            1.6525860124097935,
            -5.85396816472327,
            -16.123633337306977
        ],
        "L MB": [
            -2.054041645050843,
            -5.739176717108577,
            -16.773266670640307
        ],
        "pineal gland": [
            -0.0420203999999999,
            -26.46405644891544,
            -0.7879605996286084
        ],
        "R LV at AC": [
            11.739179935410936,
            8.17600003973643,
            20.337084316679704
        ],
        "L LV at AC": [
            -14.00231710980006,
            8.224866706403096,
            19.627647614105552
        ],
        "R LV at PC": [
            15.534321360459932,
            -20.65960001192093,
            21.813784316679705
        ],
        "L LV at PC": [
            -17.193695568809595,
            -21.313766678587594,
            20.01853549037629
        ],
        "genu of CC": [
            0.732760925386048,
            33.389211711267826,
            0.8500961321176592
        ],
        "splenium of CC": [
            0.4294266746139527,
            -30.684485832302787,
            3.0992705031920003
        ],
        "R AL temporal horn": [
            29.85235979426656,
            -5.363726670640308,
            -22.463800568976595
        ],
        "L AL temporal horn": [
            -29.76910945341883,
            -5.479640003973643,
            -24.254092731891177
        ],
        "R superior AM temporal horn": [
            14.168445510458204,
            -8.293600000000001,
            -16.581169111315145
        ],
        "L superior AM temporal horn": [
            -15.18793505519407,
            -7.879136670640309,
            -17.76590004611752
        ],
        "R inferior AM temporal horn": [
            15.656747472748307,
            -3.6711833452542617,
            -24.95313681052812
        ],
        "L inferior AM temporal horn": [
            -14.510934739570478,
            -2.9491666825612377,
            -26.761033792616264
        ],
        "R indusium griseum origin": [
            9.51550905892163,
            -34.672783374330216,
            0.9453400000000004
        ],
        "L indusium griseum origin": [
            -8.88658962206033,
            -34.585433337306974,
            0.182964734733922
        ],
        "R ventral occipital horn": [
            19.50994765250324,
            -68.43300004371007,
            3.4866043797383264
        ],
        "L ventral occipital horn": [
            -16.438457906629818,
            -72.6526333412806,
            1.6900410464049933
        ],
        "R olfactory sulcal fundus": [
            10.533959521113134,
            19.40147358556858,
            -12.625400003973644
        ],
        "L olfactory sulcal fundus": [
            -11.328176141870644,
            18.614875660976253,
            -12.483066666666666
        ]
    }
}
