{
    "IntendedFor": "anat/*_space-T1w_desc-groundtruth_afids.fcsv",
    "FiducialsCoordinateSystem": "RAS",
    "FiducialsCoordinateUnits": "mm",
    "FiducialsCoordinateSystemDescription": "RAS orientation: Origin halfway between LPA and RPA, positive x-axis towards RPA, positive y-axis orthogonal to x-axis through Nasion,  z-axis orthogonal to xy-plane, pointing in superior direction.",
    "FiducialsCoordinates": {
        "AC": [
            -0.245408417558565,
            4.821129648097351,
            -2.17375373467127
        ],
        "PC": [
            -0.0520735838495913,
            -20.961825686924687,
            1.4790795827674914
        ],
        "infracollicular sulcus": [
            0.4199857539094678,
            -34.92295158279219,
            -5.964606666666668
        ],
        "PMJ": [
            0.4412960872428011,
            -22.426791393334323,
            -13.7174
        ],
        "superior interpeduncular fossa": [
            -0.0564783969080883,
            -11.310724559498953,
            -6.094619999999999
        ],
        "R superior LMS": [
            10.614077243266925,
            -23.636760931472597,
            -4.362173333333334
        ],
        "L superior LMS": [
            -10.306179284730838,
            -24.78400856644104,
            -4.577393337306976
        ],
        "R inferior LMS": [
            9.84501199561919,
            -28.025131482490966,
            -14.396266666666667
        ],
        "L inferior LMS": [
            -9.133578789435369,
            -29.801069601610305,
            -14.682266666666663
        ],
        "culmen": [
            0.2645426666666664,
            -49.99252077207066,
            7.768601790166264
        ],
        "intermammillary sulcus": [
            0.1520388389378587,
            -6.701743270062782,
            -10.620266666666668
        ],
        "R MB": [
            1.5981721433016227,
            -6.191909988079069,
            -10.456634248216522
        ],
        "L MB": [
            -1.540401098543877,
            -6.268111307113219,
            -9.21115334128062
        ],
        "pineal gland": [
            -0.0010851333333333,
            -26.788472990629653,
            5.788291473710149
        ],
        "R LV at AC": [
            12.630353754919485,
            5.911853333333333,
            23.290580380596868
        ],
        "L LV at AC": [
            -11.480526054865932,
            6.504123333333332,
            21.56658321945437
        ],
        "R LV at PC": [
            17.176985078884616,
            -19.4208,
            26.671287717290483
        ],
        "L LV at PC": [
            -16.449830757515503,
            -19.69329999602636,
            25.476318780126263
        ],
        "genu of CC": [
            -0.1292806666666663,
            35.134742892847015,
            0.6872128755265318
        ],
        "splenium of CC": [
            -0.8276946706403097,
            -35.651176054799414,
            11.777053033386672
        ],
        "R AL temporal horn": [
            31.240582326267354,
            -3.963053337306974,
            -19.6925404981438
        ],
        "L AL temporal horn": [
            -29.1498295442703,
            -5.606383329359688,
            -22.28385320749712
        ],
        "R superior AM temporal horn": [
            16.594008538335157,
            -8.47022664679845,
            -13.238618142749234
        ],
        "L superior AM temporal horn": [
            -17.048296381696826,
            -9.03011330551783,
            -13.758172178135078
        ],
        "R inferior AM temporal horn": [
            18.238666784147945,
            -2.056286662693024,
            -22.96825463626294
        ],
        "L inferior AM temporal horn": [
            -19.16150138216886,
            -4.613183325386047,
            -22.115724373229263
        ],
        "R indusium griseum origin": [
            10.428323939333575,
            -39.00345866709189,
            11.220399992052714
        ],
        "L indusium griseum origin": [
            -12.533482107309348,
            -39.58695502750046,
            9.38224
        ],
        "R ventral occipital horn": [
            19.39938634607317,
            -68.80873334525427,
            14.554420810780467
        ],
        "L ventral occipital horn": [
            -22.33998726067857,
            -68.57970002781549,
            14.39840931962693
        ],
        "R olfactory sulcal fundus": [
            9.896791967622445,
            19.486965708255195,
            -9.974499864896138
        ],
        "L olfactory sulcal fundus": [
            -11.003230032861966,
            17.54787083518598,
            -11.506699856948854
        ]
    }
}
