{
    "IntendedFor": "anat/*_space-T1w_desc-groundtruth_afids.fcsv",
    "FiducialsCoordinateSystem": "RAS",
    "FiducialsCoordinateUnits": "mm",
    "FiducialsCoordinateSystemDescription": "RAS orientation: Origin halfway between LPA and RPA, positive x-axis towards RPA, positive y-axis orthogonal to x-axis through Nasion,  z-axis orthogonal to xy-plane, pointing in superior direction.",
    "FiducialsCoordinates": {
        "AC": [
            0.5186406666666666,
            2.0998066666666677,
            -5.759979999999999
        ],
        "PC": [
            -0.1043243333333333,
            -23.857366666666667,
            -2.63733
        ],
        "infracollicular sulcus": [
            0.0894026666666666,
            -35.2714,
            -9.047766666666666
        ],
        "PMJ": [
            -0.0072293333333333,
            -22.059766666666672,
            -18.2663
        ],
        "superior interpeduncular fossa": [
            0.0359656666666666,
            -13.026266666666666,
            -11.091666666666669
        ],
        "R superior LMS": [
            10.491433333333331,
            -27.37283333333333,
            -7.455086666666666
        ],
        "L superior LMS": [
            -10.4943,
            -27.005433333333333,
            -8.3084
        ],
        "R inferior LMS": [
            9.67546,
            -29.9561,
            -18.96153333333333
        ],
        "L inferior LMS": [
            -9.613323333333332,
            -30.3287,
            -19.5425
        ],
        "culmen": [
            -0.4110799999999999,
            -47.534633333333325,
            5.87435
        ],
        "intermammillary sulcus": [
            -0.184445,
            -8.91756,
            -15.739266666666666
        ],
        "R MB": [
            1.7726233333333334,
            -8.511089999999998,
            -14.485366666666666
        ],
        "L MB": [
            -1.86434,
            -8.97538,
            -14.5242
        ],
        "pineal gland": [
            0.638143,
            -28.1219,
            1.5692260000000002
        ],
        "R LV at AC": [
            12.158666666666669,
            3.0164266666666664,
            20.972966666666668
        ],
        "L LV at AC": [
            -12.254766666666669,
            3.19103,
            20.966566666666665
        ],
        "R LV at PC": [
            16.935033333333333,
            -22.954566666666665,
            21.5063
        ],
        "L LV at PC": [
            -17.022033333333336,
            -22.95573333333333,
            21.077366666666663
        ],
        "genu of CC": [
            0.3366016666666667,
            32.0116,
            2.614666666666667
        ],
        "splenium of CC": [
            -0.1513046666666666,
            -34.14196666666667,
            4.2187133333333335
        ],
        "R AL temporal horn": [
            29.91263333333333,
            -4.823066666666667,
            -24.69653333333333
        ],
        "L AL temporal horn": [
            -29.82133333333333,
            -6.9306833333333335,
            -25.371133333333333
        ],
        "R superior AM temporal horn": [
            15.074833333333332,
            -10.281066666666668,
            -15.616099999999998
        ],
        "L superior AM temporal horn": [
            -16.441133333333333,
            -11.783766666666668,
            -16.216033333333332
        ],
        "R inferior AM temporal horn": [
            18.1054,
            -6.299356666666667,
            -23.633133333333333
        ],
        "L inferior AM temporal horn": [
            -18.495866666666664,
            -6.8086866666666666,
            -25.201933333333333
        ],
        "R indusium griseum origin": [
            13.038000000000002,
            -38.02623333333333,
            2.5423966666666664
        ],
        "L indusium griseum origin": [
            -9.812399999999998,
            -38.295766666666665,
            2.04471
        ],
        "R ventral occipital horn": [
            16.976966666666666,
            -77.93776666666668,
            2.604063333333333
        ],
        "L ventral occipital horn": [
            -17.55156666666667,
            -76.88403333333333,
            2.123
        ],
        "R olfactory sulcal fundus": [
            9.92687,
            16.680966666666666,
            -11.637099999999998
        ],
        "L olfactory sulcal fundus": [
            -9.71848,
            15.779566666666668,
            -12.428400000000002
        ]
    }
}
