{
    "IntendedFor": "anat/*_space-T1w_desc-groundtruth_afids.fcsv",
    "FiducialsCoordinateSystem": "RAS",
    "FiducialsCoordinateUnits": "mm",
    "FiducialsCoordinateSystemDescription": "RAS orientation: Origin halfway between LPA and RPA, positive x-axis towards RPA, positive y-axis orthogonal to x-axis through Nasion,  z-axis orthogonal to xy-plane, pointing in superior direction.",
    "FiducialsCoordinates": {
        "AC": [
            2.146603333333333,
            2.1954433333333334,
            -9.0029
        ],
        "PC": [
            1.5136133333333337,
            -22.594,
            -5.329386666666666
        ],
        "infracollicular sulcus": [
            1.2226,
            -33.747733333333336,
            -12.661266666666668
        ],
        "PMJ": [
            1.4976000000000005,
            -20.033966666666668,
            -20.63713333333333
        ],
        "superior interpeduncular fossa": [
            1.7713299999999998,
            -13.013666666666667,
            -13.261266666666666
        ],
        "R superior LMS": [
            11.432700000000002,
            -25.116533333333336,
            -11.8775
        ],
        "L superior LMS": [
            -9.48655,
            -24.67863333333333,
            -11.974466666666666
        ],
        "R inferior LMS": [
            9.335593333333334,
            -28.59843333333333,
            -21.026300000000003
        ],
        "L inferior LMS": [
            -8.135973333333332,
            -27.97043333333333,
            -21.62063333333333
        ],
        "culmen": [
            -0.466563,
            -50.43906666666667,
            -0.2344753333333333
        ],
        "intermammillary sulcus": [
            1.72298,
            -7.886323333333333,
            -17.7045
        ],
        "R MB": [
            3.5986433333333334,
            -7.71062,
            -17.1356
        ],
        "L MB": [
            0.069956,
            -7.721616666666667,
            -17.099233333333334
        ],
        "pineal gland": [
            1.2928133333333331,
            -26.9049,
            -3.0740933333333333
        ],
        "R LV at AC": [
            13.293366666666666,
            3.518153333333333,
            17.303366666666665
        ],
        "L LV at AC": [
            -10.2298,
            3.742413333333333,
            16.47073333333333
        ],
        "R LV at PC": [
            15.634966666666664,
            -21.3342,
            21.93143333333333
        ],
        "L LV at PC": [
            -14.586533333333334,
            -21.063133333333337,
            19.929466666666663
        ],
        "genu of CC": [
            2.9290133333333337,
            29.113100000000003,
            -2.6511666666666667
        ],
        "splenium of CC": [
            1.4679576666666667,
            -35.87883333333334,
            3.1551566666666666
        ],
        "R AL temporal horn": [
            30.132666666666665,
            -6.103836666666666,
            -25.368
        ],
        "L AL temporal horn": [
            -27.300600000000003,
            -6.176049999999999,
            -22.4671
        ],
        "R superior AM temporal horn": [
            17.8242,
            -10.02964,
            -17.565933333333334
        ],
        "L superior AM temporal horn": [
            -15.681500000000002,
            -9.33871,
            -17.936533333333333
        ],
        "R inferior AM temporal horn": [
            16.613733333333332,
            -3.55688,
            -28.66643333333333
        ],
        "L inferior AM temporal horn": [
            -15.4569,
            -4.18807,
            -27.6879
        ],
        "R indusium griseum origin": [
            10.9429,
            -37.79156666666666,
            0.6578586666666667
        ],
        "L indusium griseum origin": [
            -11.170333333333332,
            -36.99746666666667,
            -0.7124133333333335
        ],
        "R ventral occipital horn": [
            17.2928,
            -74.6499,
            1.249469666666667
        ],
        "L ventral occipital horn": [
            -19.13063333333333,
            -73.9201,
            0.6796666666666668
        ],
        "R olfactory sulcal fundus": [
            13.802066666666668,
            14.996433333333334,
            -17.776933333333336
        ],
        "L olfactory sulcal fundus": [
            -8.894890000000002,
            16.003066666666665,
            -17.62653333333333
        ]
    }
}
