{
    "IntendedFor": "anat/*_space-T1w_desc-groundtruth_afids.fcsv",
    "FiducialsCoordinateSystem": "RAS",
    "FiducialsCoordinateUnits": "mm",
    "FiducialsCoordinateSystemDescription": "RAS orientation: Origin halfway between LPA and RPA, positive x-axis towards RPA, positive y-axis orthogonal to x-axis through Nasion,  z-axis orthogonal to xy-plane, pointing in superior direction.",
    "FiducialsCoordinates": {
        "AC": [
            0.0300824771769004,
            -1.9113555529563944,
            -6.194413706855769
        ],
        "PC": [
            0.0438024358642446,
            -28.76364586304881,
            -5.309600377496079
        ],
        "infracollicular sulcus": [
            -0.5436892974313271,
            -41.05006666666667,
            -14.028133333333336
        ],
        "PMJ": [
            -0.0997272974313272,
            -30.324866666666665,
            -22.174266666666668
        ],
        "superior interpeduncular fossa": [
            0.5529104564117813,
            -18.368376420509776,
            -13.308133333333332
        ],
        "R superior LMS": [
            10.229520492313783,
            -31.3322,
            -11.336800003973645
        ],
        "L superior LMS": [
            -10.963088282256892,
            -30.10400364613709,
            -10.053186674613952
        ],
        "R inferior LMS": [
            9.199178456411778,
            -37.05190771794111,
            -21.34293333333333
        ],
        "L inferior LMS": [
            -9.518398102746866,
            -36.02978006664687,
            -21.261166666666668
        ],
        "culmen": [
            -1.4617533333333332,
            -62.03011437362522,
            -4.07712987978179
        ],
        "intermammillary sulcus": [
            0.0967928843161584,
            -12.894876022961444,
            -17.919200003973643
        ],
        "R MB": [
            2.045661247616731,
            -12.409176022961445,
            -15.685800015894571
        ],
        "L MB": [
            -1.3129095093404628,
            -12.434236477524571,
            -15.867300015894571
        ],
        "pineal gland": [
            -0.1890286666666667,
            -35.37981888688004,
            -3.30426649882978
        ],
        "R LV at AC": [
            17.432037136872285,
            -1.3668000000000002,
            22.743125182512927
        ],
        "L LV at AC": [
            -17.046425750743243,
            0.4982266666666667,
            22.22341630164082
        ],
        "R LV at PC": [
            16.95356566731957,
            -29.1990331823349,
            23.51163245624096
        ],
        "L LV at PC": [
            -18.337852674046477,
            -30.513966515668237,
            22.811862735721288
        ],
        "genu of CC": [
            1.0132794240126726,
            27.176910757734817,
            0.7478666666666669
        ],
        "splenium of CC": [
            1.304633333333333,
            -44.94776853315137,
            2.761308266727322
        ],
        "R AL temporal horn": [
            32.23810060634338,
            -12.146962727378767,
            -24.801466666666663
        ],
        "L AL temporal horn": [
            -29.35963166686108,
            -12.635123181941896,
            -24.09086666666667
        ],
        "R superior AM temporal horn": [
            16.19401015139144,
            -16.023061060906507,
            -19.356266666666667
        ],
        "L superior AM temporal horn": [
            -14.998510757734817,
            -15.085125454757533,
            -17.073466666666665
        ],
        "R inferior AM temporal horn": [
            17.815918636310617,
            -8.8217160607121,
            -29.0722
        ],
        "L inferior AM temporal horn": [
            -15.46983166686107,
            -7.506888484919177,
            -25.505133333333333
        ],
        "R indusium griseum origin": [
            11.23144409106815,
            -45.87252878770206,
            1.6621933333333334
        ],
        "L indusium griseum origin": [
            -11.3405915111927,
            -45.62122878770206,
            0.6523199999999999
        ],
        "R ventral occipital horn": [
            18.99805082271764,
            -84.84551050330388,
            0.7821313293596902
        ],
        "L ventral occipital horn": [
            -18.532410499170695,
            -86.47079289506989,
            2.644642317438761
        ],
        "R olfactory sulcal fundus": [
            12.738392162835796,
            9.958906310348112,
            -15.118733337306978
        ],
        "L olfactory sulcal fundus": [
            -10.17621012646634,
            9.80451356226355,
            -14.41933334128062
        ]
    }
}
