{
    "IntendedFor": "anat/*_space-T1w_desc-groundtruth_afids.fcsv",
    "FiducialsCoordinateSystem": "RAS",
    "FiducialsCoordinateUnits": "mm",
    "FiducialsCoordinateSystemDescription": "RAS orientation: Origin halfway between LPA and RPA, positive x-axis towards RPA, positive y-axis orthogonal to x-axis through Nasion,  z-axis orthogonal to xy-plane, pointing in superior direction.",
    "FiducialsCoordinates": {
        "AC": [
            -0.1718112567539085,
            2.850269398931071,
            -4.521660000000001
        ],
        "PC": [
            0.2497567565358665,
            -24.617342207810957,
            -2.331770011920929
        ],
        "infracollicular sulcus": [
            0.3457498005347144,
            -36.0784,
            -12.399133333333332
        ],
        "PMJ": [
            0.4630773333333317,
            -22.70187537759953,
            -18.5648
        ],
        "superior interpeduncular fossa": [
            0.1963818448009207,
            -13.688968177064824,
            -9.681733337306976
        ],
        "R superior LMS": [
            11.675334757366729,
            -28.104014681371336,
            -9.92
        ],
        "L superior LMS": [
            -10.902510868299606,
            -26.42193227896512,
            -9.67884667064031
        ],
        "R inferior LMS": [
            10.62212462240046,
            -30.190025957070585,
            -18.099733333333333
        ],
        "L inferior LMS": [
            -9.773405865864593,
            -29.25444337893633,
            -17.758533333333332
        ],
        "culmen": [
            -0.0261219999999999,
            -51.411101670031,
            2.3786541401847336
        ],
        "intermammillary sulcus": [
            0.4328501327986178,
            -6.774751289067127,
            -14.64786667064031
        ],
        "R MB": [
            2.3393228464050666,
            -6.993232311200231,
            -13.340100007947289
        ],
        "L MB": [
            -1.7251693802731165,
            -6.999458222667819,
            -13.16090001192093
        ],
        "pineal gland": [
            -0.1042178666666666,
            -30.57959411653466,
            1.288767842603303
        ],
        "R LV at AC": [
            14.443063933948666,
            3.1687599960263566,
            22.609444249339976
        ],
        "L LV at AC": [
            -15.037395436215771,
            3.4409599960263573,
            24.36206338213226
        ],
        "R LV at PC": [
            18.835288400667096,
            -25.11913335717519,
            24.77214405331655
        ],
        "L LV at PC": [
            -17.750886916143894,
            -24.93240002384186,
            26.249752078360657
        ],
        "genu of CC": [
            0.5102632877303382,
            35.22765493493748,
            -0.07068
        ],
        "splenium of CC": [
            -0.3623153333333334,
            -35.63756588043961,
            7.876686275444219
        ],
        "R AL temporal horn": [
            34.3192135797642,
            -1.790160011920929,
            -24.826356790383382
        ],
        "L AL temporal horn": [
            -32.95785522029588,
            -5.550066654745738,
            -21.745844843948515
        ],
        "R superior AM temporal horn": [
            16.7055381333975,
            -8.66294667064031,
            -16.495692799903754
        ],
        "L superior AM temporal horn": [
            -16.371890140776344,
            -8.499006670640311,
            -15.64400453294835
        ],
        "R inferior AM temporal horn": [
            20.778923733205005,
            -1.9720066666666671,
            -27.03731413307668
        ],
        "L inferior AM temporal horn": [
            -19.99629867645166,
            -3.965349984105428,
            -24.610503998716723
        ],
        "R indusium griseum origin": [
            15.214936000481226,
            -44.11493333333333,
            6.196541333974971
        ],
        "L indusium griseum origin": [
            -10.919439472986811,
            -43.91116666666667,
            5.815719467372468
        ],
        "R ventral occipital horn": [
            17.912533333333332,
            -84.11053333730696,
            3.06933759996792
        ],
        "L ventral occipital horn": [
            -20.606388542091704,
            -79.47236669448216,
            6.285866134039136
        ],
        "R olfactory sulcal fundus": [
            11.308730724236426,
            19.796330488265056,
            -11.02573334128062
        ],
        "L olfactory sulcal fundus": [
            -12.364425516046554,
            19.475734883060053,
            -10.223666674613952
        ]
    }
}
