{
    "IntendedFor": "anat/*_space-T1w_desc-groundtruth_afids.fcsv",
    "FiducialsCoordinateSystem": "RAS",
    "FiducialsCoordinateUnits": "mm",
    "FiducialsCoordinateSystemDescription": "RAS orientation: Origin halfway between LPA and RPA, positive x-axis towards RPA, positive y-axis orthogonal to x-axis through Nasion,  z-axis orthogonal to xy-plane, pointing in superior direction.",
    "FiducialsCoordinates": {
        "AC": [
            -0.7601053333333333,
            0.331946,
            -6.140153333333334
        ],
        "PC": [
            0.289906,
            -25.402533333333334,
            -5.66579
        ],
        "infracollicular sulcus": [
            0.483886,
            -34.6267,
            -13.560633333333334
        ],
        "PMJ": [
            -0.4022526666666666,
            -19.182533333333332,
            -20.163633333333333
        ],
        "superior interpeduncular fossa": [
            -0.3550196666666667,
            -13.8927,
            -12.122466666666666
        ],
        "R superior LMS": [
            10.85729,
            -24.46976666666667,
            -12.8633
        ],
        "L superior LMS": [
            -9.967953333333334,
            -26.8687,
            -13.228733333333333
        ],
        "R inferior LMS": [
            9.832933333333331,
            -28.03943333333333,
            -21.152600000000003
        ],
        "L inferior LMS": [
            -9.806026666666666,
            -28.83713333333333,
            -20.5344
        ],
        "culmen": [
            0.4810183333333334,
            -47.76453333333333,
            -2.38206
        ],
        "intermammillary sulcus": [
            -0.4085443333333333,
            -9.28553,
            -15.652
        ],
        "R MB": [
            1.47591,
            -9.141973333333334,
            -15.266866666666669
        ],
        "L MB": [
            -2.2701,
            -8.9814,
            -15.028966666666667
        ],
        "pineal gland": [
            0.3161166666666666,
            -31.2713,
            -1.9289566666666664
        ],
        "R LV at AC": [
            14.158833333333334,
            0.5274693333333332,
            22.4889
        ],
        "L LV at AC": [
            -13.4304,
            0.4068593333333333,
            23.040000000000003
        ],
        "R LV at PC": [
            17.3867,
            -25.25476666666667,
            20.624866666666662
        ],
        "L LV at PC": [
            -15.082466666666669,
            -25.389,
            22.09323333333333
        ],
        "genu of CC": [
            0.332133,
            29.604533333333336,
            4.07723
        ],
        "splenium of CC": [
            0.1173893333333333,
            -35.50683333333333,
            1.0530596666666667
        ],
        "R AL temporal horn": [
            29.675833333333333,
            -3.4300433333333333,
            -25.384200000000003
        ],
        "L AL temporal horn": [
            -30.47993333333333,
            -5.831803333333333,
            -22.982566666666667
        ],
        "R superior AM temporal horn": [
            17.0303,
            -10.161699999999998,
            -15.373
        ],
        "L superior AM temporal horn": [
            -19.1274,
            -11.012633333333332,
            -14.522433333333334
        ],
        "R inferior AM temporal horn": [
            17.388566666666666,
            -3.890226666666667,
            -22.0662
        ],
        "L inferior AM temporal horn": [
            -16.3218,
            -4.736186666666666,
            -21.634066666666666
        ],
        "R indusium griseum origin": [
            15.2967,
            -38.6263,
            -0.7306533333333333
        ],
        "L indusium griseum origin": [
            -12.392933333333332,
            -40.68383333333333,
            -1.07011
        ],
        "R ventral occipital horn": [
            22.1259,
            -70.08453333333334,
            0.5334093333333333
        ],
        "L ventral occipital horn": [
            -17.453166666666664,
            -73.85296666666666,
            1.84824
        ],
        "R olfactory sulcal fundus": [
            10.1246,
            15.250066666666669,
            -10.789166666666668
        ],
        "L olfactory sulcal fundus": [
            -12.213466666666667,
            13.914433333333331,
            -11.638533333333331
        ]
    }
}
