{
    "IntendedFor": "anat/*_space-T1w_desc-groundtruth_afids.fcsv",
    "FiducialsCoordinateSystem": "RAS",
    "FiducialsCoordinateUnits": "mm",
    "FiducialsCoordinateSystemDescription": "RAS orientation: Origin halfway between LPA and RPA, positive x-axis towards RPA, positive y-axis orthogonal to x-axis through Nasion,  z-axis orthogonal to xy-plane, pointing in superior direction.",
    "FiducialsCoordinates": {
        "AC": [
            -0.3610153333333333,
            2.4449366666666665,
            -4.753103333333333
        ],
        "PC": [
            -0.1877069999999999,
            -27.912566666666667,
            -2.4096733333333336
        ],
        "infracollicular sulcus": [
            -0.93886,
            -41.040600000000005,
            -11.189933333333334
        ],
        "PMJ": [
            -0.2025496666666666,
            -26.551,
            -21.72836666666667
        ],
        "superior interpeduncular fossa": [
            -0.1121786666666666,
            -15.395866666666668,
            -10.445866666666666
        ],
        "R superior LMS": [
            11.442566666666666,
            -28.871,
            -9.329273333333331
        ],
        "L superior LMS": [
            -11.287233333333331,
            -30.8154,
            -9.672066666666668
        ],
        "R inferior LMS": [
            10.102846666666666,
            -32.42563333333333,
            -19.589033333333333
        ],
        "L inferior LMS": [
            -11.4187,
            -30.9807,
            -18.909266666666667
        ],
        "culmen": [
            -0.1283726666666666,
            -56.1035,
            -0.0574183333333333
        ],
        "intermammillary sulcus": [
            0.069533,
            -9.399343333333334,
            -15.515233333333333
        ],
        "R MB": [
            2.1676433333333334,
            -9.436663333333334,
            -14.780733333333332
        ],
        "L MB": [
            -1.6167,
            -9.26087,
            -14.832766666666666
        ],
        "pineal gland": [
            -0.39781,
            -37.89083333333333,
            -1.85174
        ],
        "R LV at AC": [
            15.124733333333332,
            1.4050283666666668,
            25.29283333333333
        ],
        "L LV at AC": [
            -13.5263,
            1.4336210000000005,
            25.00623333333333
        ],
        "R LV at PC": [
            18.961066666666667,
            -28.299233333333333,
            22.9708
        ],
        "L LV at PC": [
            -17.601866666666666,
            -28.2919,
            23.711566666666663
        ],
        "genu of CC": [
            -0.0225556666666666,
            40.4441,
            1.55692
        ],
        "splenium of CC": [
            -0.0452493333333333,
            -41.74523333333333,
            1.5031433333333333
        ],
        "R AL temporal horn": [
            30.511266666666668,
            -6.58389,
            -22.988200000000003
        ],
        "L AL temporal horn": [
            -31.3454,
            -7.2802966666666675,
            -20.578566666666667
        ],
        "R superior AM temporal horn": [
            16.801533333333335,
            -11.059266666666668,
            -14.792933333333332
        ],
        "L superior AM temporal horn": [
            -17.350266666666666,
            -11.090233333333336,
            -14.0307
        ],
        "R inferior AM temporal horn": [
            17.862533333333335,
            -7.07056,
            -21.549266666666668
        ],
        "L inferior AM temporal horn": [
            -20.876933333333334,
            -8.889256666666666,
            -21.31546666666667
        ],
        "R indusium griseum origin": [
            12.3418,
            -42.31806666666667,
            0.2996933333333333
        ],
        "L indusium griseum origin": [
            -12.0052,
            -43.79063333333334,
            0.6460187000000001
        ],
        "R ventral occipital horn": [
            20.51493333333333,
            -82.26103333333333,
            9.944920000000002
        ],
        "L ventral occipital horn": [
            -14.378566666666666,
            -86.61603333333335,
            4.68696
        ],
        "R olfactory sulcal fundus": [
            10.008066666666666,
            17.55946666666667,
            -11.6803
        ],
        "L olfactory sulcal fundus": [
            -12.507166666666668,
            17.5825,
            -12.383066666666666
        ]
    }
}
