{
    "IntendedFor": "anat/*_space-T1w_desc-groundtruth_afids.fcsv",
    "FiducialsCoordinateSystem": "RAS",
    "FiducialsCoordinateUnits": "mm",
    "FiducialsCoordinateSystemDescription": "RAS orientation: Origin halfway between LPA and RPA, positive x-axis towards RPA, positive y-axis orthogonal to x-axis through Nasion,  z-axis orthogonal to xy-plane, pointing in superior direction.",
    "FiducialsCoordinates": {
        "AC": [
            0.136007,
            1.653776666666667,
            -2.0592366666666666
        ],
        "PC": [
            0.518382,
            -24.8845,
            0.1854003333333333
        ],
        "infracollicular sulcus": [
            0.8884759999999999,
            -37.73506666666666,
            -7.173273333333333
        ],
        "PMJ": [
            0.665689,
            -23.8028,
            -15.077666666666666
        ],
        "superior interpeduncular fossa": [
            0.527898,
            -14.474433333333332,
            -7.500426666666667
        ],
        "R superior LMS": [
            12.248866666666666,
            -27.0723,
            -6.046433333333333
        ],
        "L superior LMS": [
            -10.6482,
            -27.93593333333333,
            -6.792133333333333
        ],
        "R inferior LMS": [
            11.377900000000002,
            -30.619966666666667,
            -14.806833333333332
        ],
        "L inferior LMS": [
            -9.889956666666668,
            -30.384,
            -15.1461
        ],
        "culmen": [
            0.3630073333333333,
            -52.16313333333333,
            6.592153333333333
        ],
        "intermammillary sulcus": [
            0.6555590000000001,
            -8.88489,
            -11.999233333333333
        ],
        "R MB": [
            2.069206666666666,
            -8.777800000000001,
            -10.4401
        ],
        "L MB": [
            -1.55359,
            -9.199146666666667,
            -10.619633333333333
        ],
        "pineal gland": [
            0.5134839999999999,
            -30.05933333333333,
            3.9768
        ],
        "R LV at AC": [
            13.499833333333331,
            1.8085050000000005,
            21.9195
        ],
        "L LV at AC": [
            -12.7717,
            1.816927,
            21.11453333333333
        ],
        "R LV at PC": [
            17.310133333333333,
            -24.302633333333333,
            23.45996666666667
        ],
        "L LV at PC": [
            -17.514233333333333,
            -24.27123333333333,
            23.02286666666667
        ],
        "genu of CC": [
            0.4760976666666666,
            33.514133333333334,
            1.5412
        ],
        "splenium of CC": [
            0.619654,
            -35.105700000000006,
            7.24477
        ],
        "R AL temporal horn": [
            33.78346666666667,
            -7.945026666666667,
            -18.7413
        ],
        "L AL temporal horn": [
            -32.79043333333333,
            -8.073463333333335,
            -18.63433333333333
        ],
        "R superior AM temporal horn": [
            17.9427,
            -10.315066666666668,
            -12.596566666666668
        ],
        "L superior AM temporal horn": [
            -20.8417,
            -10.772966666666669,
            -12.2677
        ],
        "R inferior AM temporal horn": [
            20.093466666666668,
            -6.472893333333334,
            -21.59783333333333
        ],
        "L inferior AM temporal horn": [
            -19.71823333333333,
            -6.257533333333334,
            -22.38423333333333
        ],
        "R indusium griseum origin": [
            14.7192,
            -41.6702,
            6.365143333333333
        ],
        "L indusium griseum origin": [
            -15.956933333333334,
            -43.69386666666667,
            6.271223333333334
        ],
        "R ventral occipital horn": [
            20.35923333333333,
            -79.58353333333334,
            9.012966666666664
        ],
        "L ventral occipital horn": [
            -20.5735,
            -78.8185,
            5.558786666666666
        ],
        "R olfactory sulcal fundus": [
            10.658500000000002,
            16.1591,
            -9.417846666666668
        ],
        "L olfactory sulcal fundus": [
            -11.341666666666669,
            15.643733333333332,
            -9.447623333333333
        ]
    }
}
