{
    "IntendedFor": "anat/*_space-T1w_desc-groundtruth_afids.fcsv",
    "FiducialsCoordinateSystem": "RAS",
    "FiducialsCoordinateUnits": "mm",
    "FiducialsCoordinateSystemDescription": "RAS orientation: Origin halfway between LPA and RPA, positive x-axis towards RPA, positive y-axis orthogonal to x-axis through Nasion,  z-axis orthogonal to xy-plane, pointing in superior direction.",
    "FiducialsCoordinates": {
        "AC": [
            -0.1579606666666666,
            1.5778,
            -5.4875333333333325
        ],
        "PC": [
            0.5297996666666667,
            -25.86306666666667,
            -3.0291
        ],
        "infracollicular sulcus": [
            0.6380123333333333,
            -38.681466666666665,
            -11.401633333333336
        ],
        "PMJ": [
            0.1863626666666666,
            -24.456633333333333,
            -19.084466666666668
        ],
        "superior interpeduncular fossa": [
            0.2265553333333333,
            -15.2849,
            -10.155366666666666
        ],
        "R superior LMS": [
            12.3504,
            -28.002266666666667,
            -10.325193333333331
        ],
        "L superior LMS": [
            -11.407333333333334,
            -28.875366666666668,
            -9.90556
        ],
        "R inferior LMS": [
            11.4624,
            -33.386833333333335,
            -20.6637
        ],
        "L inferior LMS": [
            -10.403833333333331,
            -34.5002,
            -20.086366666666667
        ],
        "culmen": [
            0.1330246666666666,
            -52.25686666666667,
            0.6984487333333335
        ],
        "intermammillary sulcus": [
            0.2332136666666666,
            -10.0036,
            -14.344366666666666
        ],
        "R MB": [
            2.43558,
            -9.142613333333331,
            -13.713733333333332
        ],
        "L MB": [
            -1.57529,
            -9.361976666666669,
            -13.603233333333334
        ],
        "pineal gland": [
            0.6131666666666666,
            -30.971,
            -0.532381
        ],
        "R LV at AC": [
            13.502766666666668,
            1.7328676666666667,
            17.8557
        ],
        "L LV at AC": [
            -13.985533333333333,
            1.7664381,
            17.96676666666667
        ],
        "R LV at PC": [
            20.3302,
            -25.616,
            20.969466666666666
        ],
        "L LV at PC": [
            -20.41633333333333,
            -25.537733333333332,
            20.387266666666665
        ],
        "genu of CC": [
            0.7614013333333333,
            35.1064,
            2.68575
        ],
        "splenium of CC": [
            0.731132,
            -35.68213333333333,
            2.45499
        ],
        "R AL temporal horn": [
            34.2114,
            -2.59807,
            -23.346633333333333
        ],
        "L AL temporal horn": [
            -34.96066666666667,
            -4.70999,
            -22.838566666666665
        ],
        "R superior AM temporal horn": [
            18.6503,
            -9.933833333333332,
            -15.379233333333334
        ],
        "L superior AM temporal horn": [
            -19.7934,
            -10.128833333333334,
            -14.473833333333332
        ],
        "R inferior AM temporal horn": [
            20.434866666666665,
            -0.6615576666666666,
            -25.374266666666667
        ],
        "L inferior AM temporal horn": [
            -23.7417,
            -1.9889,
            -26.8607
        ],
        "R indusium griseum origin": [
            16.7455,
            -41.67726666666667,
            2.0484033333333334
        ],
        "L indusium griseum origin": [
            -17.602266666666665,
            -42.55133333333333,
            1.6098439999999998
        ],
        "R ventral occipital horn": [
            19.139866666666663,
            -81.6912,
            4.566393333333333
        ],
        "L ventral occipital horn": [
            -17.5622,
            -82.2581,
            3.0592666666666664
        ],
        "R olfactory sulcal fundus": [
            10.911966666666666,
            18.333,
            -9.701566666666666
        ],
        "L olfactory sulcal fundus": [
            -9.807823333333332,
            17.171699999999998,
            -11.267033333333332
        ]
    }
}
