{
    "IntendedFor": "anat/*_space-T1w_desc-groundtruth_afids.fcsv",
    "FiducialsCoordinateSystem": "RAS",
    "FiducialsCoordinateUnits": "mm",
    "FiducialsCoordinateSystemDescription": "RAS orientation: Origin halfway between LPA and RPA, positive x-axis towards RPA, positive y-axis orthogonal to x-axis through Nasion,  z-axis orthogonal to xy-plane, pointing in superior direction.",
    "FiducialsCoordinates": {
        "AC": [
            0.0159161,
            1.6130399999999998,
            -6.322559999999999
        ],
        "PC": [
            0.5625376666666666,
            -26.317966666666667,
            -3.016623333333333
        ],
        "infracollicular sulcus": [
            0.5659143333333333,
            -39.5776,
            -11.243166666666667
        ],
        "PMJ": [
            0.9728733333333331,
            -25.5654,
            -20.75
        ],
        "superior interpeduncular fossa": [
            0.674729,
            -15.1093,
            -11.7046
        ],
        "R superior LMS": [
            11.448133333333333,
            -27.57333333333333,
            -9.8163
        ],
        "L superior LMS": [
            -9.577866666666669,
            -28.230400000000003,
            -9.739033333333332
        ],
        "R inferior LMS": [
            10.4917,
            -34.4066,
            -21.539066666666667
        ],
        "L inferior LMS": [
            -8.110606666666667,
            -34.47466666666667,
            -21.29733333333333
        ],
        "culmen": [
            0.157486,
            -60.418933333333335,
            2.1511
        ],
        "intermammillary sulcus": [
            0.4343753333333334,
            -9.263833333333332,
            -16.544666666666668
        ],
        "R MB": [
            2.150923333333333,
            -9.73659,
            -15.793066666666666
        ],
        "L MB": [
            -1.5376633333333334,
            -9.59897,
            -15.679466666666665
        ],
        "pineal gland": [
            0.29153,
            -30.24513333333333,
            0.4661433333333333
        ],
        "R LV at AC": [
            13.045366666666666,
            1.9736806666666664,
            19.5424
        ],
        "L LV at AC": [
            -12.9363,
            2.016512666666667,
            19.2324
        ],
        "R LV at PC": [
            17.976733333333332,
            -25.999233333333336,
            18.125633333333333
        ],
        "L LV at PC": [
            -16.355833333333337,
            -26.0715,
            18.704700000000003
        ],
        "genu of CC": [
            0.2250009999999999,
            32.2733,
            2.4482166666666667
        ],
        "splenium of CC": [
            0.3575773333333333,
            -37.56776666666666,
            3.0548566666666663
        ],
        "R AL temporal horn": [
            28.0584,
            -3.473086666666667,
            -26.300833333333333
        ],
        "L AL temporal horn": [
            -26.43393333333333,
            -5.88085,
            -26.3374
        ],
        "R superior AM temporal horn": [
            15.248066666666666,
            -10.386550000000002,
            -16.940066666666667
        ],
        "L superior AM temporal horn": [
            -15.343633333333331,
            -10.459733333333334,
            -16.7015
        ],
        "R inferior AM temporal horn": [
            16.090533333333333,
            -4.90328,
            -28.028666666666663
        ],
        "L inferior AM temporal horn": [
            -14.075766666666668,
            -6.127626666666667,
            -25.06523333333333
        ],
        "R indusium griseum origin": [
            11.526000000000002,
            -39.8641,
            1.4423389999999998
        ],
        "L indusium griseum origin": [
            -12.4982,
            -43.80616666666666,
            1.7994816666666669
        ],
        "R ventral occipital horn": [
            20.3206,
            -71.69713333333334,
            3.51398
        ],
        "L ventral occipital horn": [
            -17.87183333333333,
            -73.02096666666667,
            1.8442166666666668
        ],
        "R olfactory sulcal fundus": [
            9.249813333333334,
            18.871366666666667,
            -10.950266666666666
        ],
        "L olfactory sulcal fundus": [
            -10.6638,
            17.979733333333332,
            -10.68843333333333
        ]
    }
}
