{
    "IntendedFor": "anat/*_space-T1w_desc-groundtruth_afids.fcsv",
    "FiducialsCoordinateSystem": "RAS",
    "FiducialsCoordinateUnits": "mm",
    "FiducialsCoordinateSystemDescription": "RAS orientation: Origin halfway between LPA and RPA, positive x-axis towards RPA, positive y-axis orthogonal to x-axis through Nasion,  z-axis orthogonal to xy-plane, pointing in superior direction.",
    "FiducialsCoordinates": {
        "AC": [
            -0.3028548227326356,
            2.3287613640785354,
            -5.720506666666666
        ],
        "PC": [
            -0.2155224900463573,
            -23.12233968860309,
            -2.5038566865348817
        ],
        "infracollicular sulcus": [
            -0.1043367623165563,
            -35.204174098532455,
            -11.281633349227905
        ],
        "PMJ": [
            -0.0176136202830028,
            -20.805280095649888,
            -18.795466662693023
        ],
        "superior interpeduncular fossa": [
            0.0766238087002204,
            -12.550507431865787,
            -10.3881
        ],
        "R superior LMS": [
            10.840052759433997,
            -25.462106475366884,
            -9.358183333333336
        ],
        "L superior LMS": [
            -11.067104266246425,
            -24.531805518867987,
            -9.341526666666669
        ],
        "R inferior LMS": [
            9.918856188417218,
            -27.69694676231656,
            -18.140666666666668
        ],
        "L inferior LMS": [
            -9.801695495282177,
            -26.986785614517878,
            -19.186366662693025
        ],
        "culmen": [
            -0.1195856666666666,
            -46.660088617932246,
            -0.5340174071711918
        ],
        "intermammillary sulcus": [
            0.1968829020119122,
            -7.738037116253596,
            -14.8708
        ],
        "R MB": [
            2.1426674420665086,
            -7.541253784166746,
            -13.111466674613952
        ],
        "L MB": [
            -1.3264614981510376,
            -7.529413959342925,
            -13.382666674613953
        ],
        "pineal gland": [
            0.0197301513751879,
            -27.6844177944498,
            0.4549168781465808
        ],
        "R LV at AC": [
            9.930083724051572,
            4.725456706403097,
            18.45769469440063
        ],
        "L LV at AC": [
            -11.378311353104598,
            4.63555003973643,
            17.04580881825336
        ],
        "R LV at PC": [
            14.591460099644186,
            -23.15513314259847,
            21.024030339383
        ],
        "L LV at PC": [
            -15.318501852549936,
            -23.060466475931804,
            20.54326274805672
        ],
        "genu of CC": [
            -0.2833662118066422,
            26.557698176158752,
            2.874820075499217
        ],
        "splenium of CC": [
            0.512711,
            -34.62876106996573,
            4.30320569665198
        ],
        "R AL temporal horn": [
            30.51851597317196,
            -5.234436670640309,
            -20.61834930650529
        ],
        "L AL temporal horn": [
            -29.89613987756021,
            -8.951416654745737,
            -20.54296712899647
        ],
        "R superior AM temporal horn": [
            15.45211833040822,
            -10.184433305517832,
            -14.759404414926784
        ],
        "L superior AM temporal horn": [
            -13.758641310136866,
            -9.805463309491474,
            -16.86847524256171
        ],
        "R inferior AM temporal horn": [
            18.21772341603609,
            -4.223400003973642,
            -22.912271289964732
        ],
        "L inferior AM temporal horn": [
            -19.152518148059283,
            -6.450216662693023,
            -25.400792811094373
        ],
        "R indusium griseum origin": [
            10.74946131949941,
            -36.91135723153278,
            3.939169992052714
        ],
        "L indusium griseum origin": [
            -8.544260905380249,
            -37.44875046998252,
            2.4427466706403096
        ],
        "R ventral occipital horn": [
            14.896374063943576,
            -71.60166666666667,
            6.4358336244073895
        ],
        "L ventral occipital horn": [
            -15.835615881997477,
            -71.05693335320156,
            4.702720485123427
        ],
        "R olfactory sulcal fundus": [
            10.365287106499803,
            15.96485849073341,
            -9.874573337306977
        ],
        "L olfactory sulcal fundus": [
            -11.043495118379855,
            14.026400629600312,
            -13.298399984105428
        ]
    }
}
