{
    "IntendedFor": "anat/*_space-T1w_desc-groundtruth_afids.fcsv",
    "FiducialsCoordinateSystem": "RAS",
    "FiducialsCoordinateUnits": "mm",
    "FiducialsCoordinateSystemDescription": "RAS orientation: Origin halfway between LPA and RPA, positive x-axis towards RPA, positive y-axis orthogonal to x-axis through Nasion,  z-axis orthogonal to xy-plane, pointing in superior direction.",
    "FiducialsCoordinates": {
        "AC": [
            0.8797756666666666,
            5.6384533333333335,
            -9.371036666666669
        ],
        "PC": [
            -0.1136119999999999,
            -22.36106666666667,
            -4.279100000000001
        ],
        "infracollicular sulcus": [
            -0.0937812333333333,
            -34.43423333333333,
            -11.118533333333332
        ],
        "PMJ": [
            0.3114286666666666,
            -20.53033333333333,
            -20.3663
        ],
        "superior interpeduncular fossa": [
            0.6239533333333332,
            -10.617366666666667,
            -13.3377
        ],
        "R superior LMS": [
            10.5577,
            -26.27133333333333,
            -11.920766666666667
        ],
        "L superior LMS": [
            -10.348166666666666,
            -25.03193333333333,
            -12.888233333333334
        ],
        "R inferior LMS": [
            10.048293333333332,
            -28.963466666666665,
            -19.893866666666668
        ],
        "L inferior LMS": [
            -9.596123333333331,
            -27.56553333333333,
            -20.149066666666663
        ],
        "culmen": [
            -0.7693213333333334,
            -49.04526666666666,
            4.944356666666667
        ],
        "intermammillary sulcus": [
            0.8933603333333333,
            -5.085716666666666,
            -17.8738
        ],
        "R MB": [
            2.932276666666666,
            -5.481886666666667,
            -17.209733333333332
        ],
        "L MB": [
            -1.0109263333333334,
            -5.51471,
            -17.2466
        ],
        "pineal gland": [
            -0.3055146666666666,
            -27.7199,
            -0.3048366666666666
        ],
        "R LV at AC": [
            12.9595,
            7.14168,
            17.6913
        ],
        "L LV at AC": [
            -13.403966666666667,
            7.46422,
            16.71676666666667
        ],
        "R LV at PC": [
            14.882866666666668,
            -20.83093333333333,
            21.80843333333333
        ],
        "L LV at PC": [
            -15.251466666666666,
            -20.46353333333333,
            20.082933333333333
        ],
        "genu of CC": [
            1.11949,
            37.08976666666667,
            -5.869176666666667
        ],
        "splenium of CC": [
            -0.3960393333333333,
            -35.73206666666667,
            4.786296666666668
        ],
        "R AL temporal horn": [
            28.620966666666664,
            -6.93015,
            -25.560033333333337
        ],
        "L AL temporal horn": [
            -29.695766666666668,
            -5.707183333333333,
            -26.97283333333333
        ],
        "R superior AM temporal horn": [
            16.9691,
            -8.68903,
            -18.4214
        ],
        "L superior AM temporal horn": [
            -15.829,
            -8.08772,
            -19.52743333333333
        ],
        "R inferior AM temporal horn": [
            18.274866666666668,
            -4.53266,
            -26.4933
        ],
        "L inferior AM temporal horn": [
            -17.818366666666666,
            -5.06124,
            -27.399
        ],
        "R indusium griseum origin": [
            11.5998,
            -39.71163333333333,
            2.0166533333333336
        ],
        "L indusium griseum origin": [
            -13.684466666666664,
            -39.4023,
            2.8392733333333333
        ],
        "R ventral occipital horn": [
            15.0523,
            -81.30220000000001,
            8.078856666666667
        ],
        "L ventral occipital horn": [
            -17.80016666666667,
            -75.29616666666668,
            8.126473333333335
        ],
        "R olfactory sulcal fundus": [
            12.193633333333333,
            20.01933333333333,
            -16.728466666666666
        ],
        "L olfactory sulcal fundus": [
            -10.2892,
            20.564966666666667,
            -17.648966666666666
        ]
    }
}
