{
    "IntendedFor": "anat/*_space-T1w_desc-groundtruth_afids.fcsv",
    "FiducialsCoordinateSystem": "RAS",
    "FiducialsCoordinateUnits": "mm",
    "FiducialsCoordinateSystemDescription": "RAS orientation: Origin halfway between LPA and RPA, positive x-axis towards RPA, positive y-axis orthogonal to x-axis through Nasion,  z-axis orthogonal to xy-plane, pointing in superior direction.",
    "FiducialsCoordinates": {
        "AC": [
            -0.2416,
            2.86042,
            -5.847106666666666
        ],
        "PC": [
            -0.0712666666666666,
            -25.9902,
            -0.719186
        ],
        "infracollicular sulcus": [
            0.1284001,
            -37.71066666666667,
            -8.982703333333333
        ],
        "PMJ": [
            0.1987333333333333,
            -21.747233333333337,
            -18.018833333333333
        ],
        "superior interpeduncular fossa": [
            0.0540667666666666,
            -13.0956,
            -10.215666666666666
        ],
        "R superior LMS": [
            11.530066666666665,
            -26.211133333333336,
            -8.668423333333331
        ],
        "L superior LMS": [
            -11.4986,
            -26.714700000000004,
            -8.872876666666665
        ],
        "R inferior LMS": [
            11.228066666666669,
            -28.05496666666667,
            -18.775266666666667
        ],
        "L inferior LMS": [
            -9.999933333333331,
            -28.0073,
            -17.903166666666664
        ],
        "culmen": [
            -0.7702666666666667,
            -54.42346666666666,
            7.042866666666666
        ],
        "intermammillary sulcus": [
            -0.2269333333333333,
            -7.569753333333334,
            -16.00786666666667
        ],
        "R MB": [
            1.590733333333333,
            -6.927276666666667,
            -15.0171
        ],
        "L MB": [
            -2.2862666666666667,
            -6.879206666666666,
            -14.918733333333334
        ],
        "pineal gland": [
            -0.1445999,
            -30.846766666666667,
            3.689246666666667
        ],
        "R LV at AC": [
            11.739733333333334,
            3.8532266666666666,
            22.221633333333333
        ],
        "L LV at AC": [
            -10.439266666666668,
            3.8407896666666654,
            21.854566666666667
        ],
        "R LV at PC": [
            17.584733333333332,
            -24.884966666666667,
            24.03513333333333
        ],
        "L LV at PC": [
            -16.520933333333332,
            -24.950366666666667,
            25.164033333333336
        ],
        "genu of CC": [
            0.0500667666666666,
            35.546166666666664,
            2.3585766666666665
        ],
        "splenium of CC": [
            -0.0045999999999999,
            -36.76526666666666,
            10.270633333333334
        ],
        "R AL temporal horn": [
            32.000733333333336,
            -6.7334033333333325,
            -21.492933333333337
        ],
        "L AL temporal horn": [
            -31.712266666666668,
            -7.92278,
            -19.760666666666665
        ],
        "R superior AM temporal horn": [
            16.958399999999997,
            -10.172676666666666,
            -16.088566666666665
        ],
        "L superior AM temporal horn": [
            -16.818933333333334,
            -10.4828,
            -15.183466666666666
        ],
        "R inferior AM temporal horn": [
            19.22873333333333,
            -5.174746666666667,
            -24.417466666666662
        ],
        "L inferior AM temporal horn": [
            -20.03826666666667,
            -5.353090000000001,
            -25.62443333333333
        ],
        "R indusium griseum origin": [
            14.3994,
            -41.26376666666667,
            6.532583333333334
        ],
        "L indusium griseum origin": [
            -13.6346,
            -42.52496666666667,
            6.1652
        ],
        "R ventral occipital horn": [
            17.330066666666667,
            -78.75556666666667,
            8.528036666666665
        ],
        "L ventral occipital horn": [
            -15.856266666666665,
            -84.63893333333333,
            6.791733333333334
        ],
        "R olfactory sulcal fundus": [
            10.317066666666667,
            18.27223333333333,
            -12.286066666666663
        ],
        "L olfactory sulcal fundus": [
            -11.5786,
            17.974633333333333,
            -10.764600000000002
        ]
    }
}
