{
    "IntendedFor": "anat/*_space-T1w_desc-groundtruth_afids.fcsv",
    "FiducialsCoordinateSystem": "RAS",
    "FiducialsCoordinateUnits": "mm",
    "FiducialsCoordinateSystemDescription": "RAS orientation: Origin halfway between LPA and RPA, positive x-axis towards RPA, positive y-axis orthogonal to x-axis through Nasion,  z-axis orthogonal to xy-plane, pointing in superior direction.",
    "FiducialsCoordinates": {
        "AC": [
            -0.1001947,
            3.80343,
            -5.12405
        ],
        "PC": [
            0.07816,
            -21.9924,
            -1.70321
        ],
        "infracollicular sulcus": [
            -0.0967819999999999,
            -34.073766666666664,
            -10.319456666666666
        ],
        "PMJ": [
            -0.270916,
            -19.1945,
            -17.556233333333335
        ],
        "superior interpeduncular fossa": [
            0.0440666666666666,
            -10.874866666666668,
            -10.136333333333331
        ],
        "R superior LMS": [
            11.922133333333331,
            -23.968466666666668,
            -8.903586666666667
        ],
        "L superior LMS": [
            -11.460499999999998,
            -24.51386666666667,
            -8.708980000000002
        ],
        "R inferior LMS": [
            9.89706,
            -28.189966666666663,
            -19.4002
        ],
        "L inferior LMS": [
            -9.845453333333332,
            -27.482166666666668,
            -18.2557
        ],
        "culmen": [
            0.6164236666666666,
            -49.00319999999999,
            3.1926066666666664
        ],
        "intermammillary sulcus": [
            0.2018259999999999,
            -6.762276666666666,
            -14.106266666666668
        ],
        "R MB": [
            2.1201066666666666,
            -6.026983333333334,
            -12.762166666666667
        ],
        "L MB": [
            -1.7339266666666664,
            -5.808743333333333,
            -13.089
        ],
        "pineal gland": [
            -0.0291311666666666,
            -27.6062,
            1.50025
        ],
        "R LV at AC": [
            15.0231,
            5.25107,
            23.419166666666666
        ],
        "L LV at AC": [
            -14.139233333333332,
            5.01972,
            23.41013333333333
        ],
        "R LV at PC": [
            18.678800000000003,
            -20.387733333333333,
            26.526266666666668
        ],
        "L LV at PC": [
            -16.921766666666667,
            -20.7529,
            26.5277
        ],
        "genu of CC": [
            -0.5374976666666667,
            34.13,
            2.7556233333333338
        ],
        "splenium of CC": [
            0.112774,
            -32.30463333333333,
            6.2740800000000005
        ],
        "R AL temporal horn": [
            30.7805,
            -5.34222,
            -22.82733333333333
        ],
        "L AL temporal horn": [
            -30.01343333333333,
            -6.110220000000001,
            -22.132166666666667
        ],
        "R superior AM temporal horn": [
            16.683766666666667,
            -9.407333333333334,
            -14.933366666666666
        ],
        "L superior AM temporal horn": [
            -17.84493333333333,
            -9.74232,
            -15.964833333333331
        ],
        "R inferior AM temporal horn": [
            17.9124,
            -4.499856666666667,
            -24.538633333333333
        ],
        "L inferior AM temporal horn": [
            -20.9267,
            -5.94817,
            -25.72786666666667
        ],
        "R indusium griseum origin": [
            14.245266666666666,
            -38.09656666666667,
            4.066626666666667
        ],
        "L indusium griseum origin": [
            -12.499566666666666,
            -38.968266666666665,
            4.123096666666666
        ],
        "R ventral occipital horn": [
            20.238766666666667,
            -79.40873333333333,
            3.322756666666667
        ],
        "L ventral occipital horn": [
            -15.608066666666668,
            -81.94373333333333,
            4.27073
        ],
        "R olfactory sulcal fundus": [
            11.466833333333334,
            17.381066666666666,
            -12.962566666666667
        ],
        "L olfactory sulcal fundus": [
            -12.0719,
            17.52716666666667,
            -13.039233333333334
        ]
    }
}
