{
    "IntendedFor": "anat/*_space-T1w_desc-groundtruth_afids.fcsv",
    "FiducialsCoordinateSystem": "RAS",
    "FiducialsCoordinateUnits": "mm",
    "FiducialsCoordinateSystemDescription": "RAS orientation: Origin halfway between LPA and RPA, positive x-axis towards RPA, positive y-axis orthogonal to x-axis through Nasion,  z-axis orthogonal to xy-plane, pointing in superior direction.",
    "FiducialsCoordinates": {
        "AC": [
            0.165012,
            2.069666666666667,
            -0.953979
        ],
        "PC": [
            1.04186,
            -25.18113333333333,
            -0.9058566666666666
        ],
        "infracollicular sulcus": [
            0.323395,
            -38.0122,
            -10.120433333333333
        ],
        "PMJ": [
            0.1520799,
            -22.523366666666664,
            -17.8257
        ],
        "superior interpeduncular fossa": [
            0.16642943,
            -12.900566666666668,
            -8.628953333333333
        ],
        "R superior LMS": [
            10.835,
            -26.31736666666667,
            -6.552779999999999
        ],
        "L superior LMS": [
            -9.917946666666666,
            -27.350566666666666,
            -8.242609999999999
        ],
        "R inferior LMS": [
            10.785066666666664,
            -30.72333333333333,
            -18.93533333333333
        ],
        "L inferior LMS": [
            -9.656906666666666,
            -30.470633333333332,
            -18.65093333333333
        ],
        "culmen": [
            0.1076513333333333,
            -54.803,
            4.505036666666666
        ],
        "intermammillary sulcus": [
            0.0868926666666666,
            -7.890326666666667,
            -12.739733333333334
        ],
        "R MB": [
            2.198183333333333,
            -7.285966666666667,
            -11.3872
        ],
        "L MB": [
            -1.9148033333333332,
            -7.6219,
            -11.743466666666665
        ],
        "pineal gland": [
            -0.2569943333333333,
            -33.45103333333333,
            3.24309
        ],
        "R LV at AC": [
            13.641933333333334,
            1.294822,
            27.323933333333333
        ],
        "L LV at AC": [
            -13.775733333333331,
            1.50596,
            26.304766666666666
        ],
        "R LV at PC": [
            18.4351,
            -25.67543333333333,
            26.186566666666664
        ],
        "L LV at PC": [
            -17.1307,
            -25.555866666666663,
            25.41793333333333
        ],
        "genu of CC": [
            1.17579,
            32.46,
            10.203433333333331
        ],
        "splenium of CC": [
            0.7913133333333334,
            -35.001733333333334,
            9.873396666666666
        ],
        "R AL temporal horn": [
            29.4238,
            -1.1926016666666666,
            -23.668766666666667
        ],
        "L AL temporal horn": [
            -28.33633333333333,
            -5.145056666666666,
            -22.39053333333333
        ],
        "R superior AM temporal horn": [
            17.534933333333335,
            -8.534993333333334,
            -14.880033333333335
        ],
        "L superior AM temporal horn": [
            -16.2603,
            -8.876483333333333,
            -13.604866666666666
        ],
        "R inferior AM temporal horn": [
            18.52533333333333,
            -0.6431823333333334,
            -23.4689
        ],
        "L inferior AM temporal horn": [
            -20.2346,
            -3.603436666666667,
            -24.055366666666668
        ],
        "R indusium griseum origin": [
            10.203666666666663,
            -38.66266666666667,
            8.109933333333332
        ],
        "L indusium griseum origin": [
            -12.591266666666668,
            -40.24066666666667,
            5.959153333333333
        ],
        "R ventral occipital horn": [
            21.353566666666666,
            -66.73503333333333,
            5.075656666666667
        ],
        "L ventral occipital horn": [
            -23.3561,
            -70.6601,
            1.4689766666666666
        ],
        "R olfactory sulcal fundus": [
            10.880266666666666,
            17.574333333333332,
            -6.118406666666666
        ],
        "L olfactory sulcal fundus": [
            -12.166033333333331,
            16.655466666666666,
            -6.449876666666667
        ]
    }
}
