{
    "IntendedFor": "anat/*_space-T1w_desc-groundtruth_afids.fcsv",
    "FiducialsCoordinateSystem": "RAS",
    "FiducialsCoordinateUnits": "mm",
    "FiducialsCoordinateSystemDescription": "RAS orientation: Origin halfway between LPA and RPA, positive x-axis towards RPA, positive y-axis orthogonal to x-axis through Nasion,  z-axis orthogonal to xy-plane, pointing in superior direction.",
    "FiducialsCoordinates": {
        "AC": [
            -0.3461562862880478,
            2.921328482165029,
            -3.38864
        ],
        "PC": [
            -0.2963069582082042,
            -24.425592958208203,
            -2.7706
        ],
        "infracollicular sulcus": [
            -0.0124543751251265,
            -38.06417755840841,
            -14.518333333333333
        ],
        "PMJ": [
            -0.008929399799795,
            -23.441497268868925,
            -20.15593328167597
        ],
        "superior interpeduncular fossa": [
            -0.4956845166166158,
            -13.314548733133128,
            -10.9068
        ],
        "R superior LMS": [
            10.286677777928,
            -25.78030684439446,
            -10.394400003973644
        ],
        "L superior LMS": [
            -11.67317381650476,
            -27.999200876162387,
            -11.090468928256456
        ],
        "R inferior LMS": [
            10.36252629154154,
            -30.397703191841845,
            -20.1214
        ],
        "L inferior LMS": [
            -10.344125633433435,
            -29.64062244159159,
            -21.343400000000003
        ],
        "culmen": [
            -0.6767233849906925,
            -52.26030185875251,
            -4.834760966282894
        ],
        "intermammillary sulcus": [
            -0.430094478082022,
            -7.240139191757611,
            -14.680433373069762
        ],
        "R MB": [
            1.4319395389702418,
            -6.94618919175761,
            -13.60620003973643
        ],
        "L MB": [
            -2.5746362493973525,
            -7.5577827002837425,
            -13.600533373069764
        ],
        "pineal gland": [
            -0.3887139999999999,
            -28.051257582027933,
            -0.1134280025611155
        ],
        "R LV at AC": [
            16.014980693765974,
            2.446788948064848,
            27.047533309491477
        ],
        "L LV at AC": [
            -16.00924736821622,
            4.298131579070266,
            23.372733333333333
        ],
        "R LV at PC": [
            17.547452982169375,
            -23.70741122790631,
            26.14013333333333
        ],
        "L LV at PC": [
            -19.86008350852613,
            -24.43813894728649,
            24.8584
        ],
        "genu of CC": [
            0.1667946875963997,
            28.130205613953155,
            5.218573333333333
        ],
        "splenium of CC": [
            -0.3220473333333333,
            -36.36566233863186,
            3.066279979569404
        ],
        "R AL temporal horn": [
            29.409419298450445,
            -4.799577894572977,
            -25.8104
        ],
        "L AL temporal horn": [
            -30.181219298450443,
            -6.394417894572977,
            -24.744666666666664
        ],
        "R superior AM temporal horn": [
            15.812408070544135,
            -7.215673333333334,
            -15.593333333333334
        ],
        "L superior AM temporal horn": [
            -18.298503499964188,
            -9.811687192245062,
            -15.6554
        ],
        "R inferior AM temporal horn": [
            19.13059438604684,
            -3.636158245736933,
            -26.025133333333333
        ],
        "L inferior AM temporal horn": [
            -20.88114665576965,
            -2.9268542108540454,
            -27.833033333333333
        ],
        "R indusium griseum origin": [
            10.046091579070268,
            -38.99432771938018,
            -1.5115066587193808
        ],
        "L indusium griseum origin": [
            -15.18119929144522,
            -40.16336105271351,
            -0.2365366706403097
        ],
        "R ventral occipital horn": [
            7.286102806976578,
            -78.2346361403099,
            4.199999996026357
        ],
        "L ventral occipital horn": [
            -5.975740341045298,
            -79.66211999922164,
            4.263093333333334
        ],
        "R olfactory sulcal fundus": [
            10.808769473643244,
            17.108005613953154,
            -8.31696667064031
        ],
        "L olfactory sulcal fundus": [
            -11.430601047265004,
            16.09300526356756,
            -10.114483321412402
        ]
    }
}
