{
    "IntendedFor": "anat/*_space-T1w_desc-groundtruth_afids.fcsv",
    "FiducialsCoordinateSystem": "RAS",
    "FiducialsCoordinateUnits": "mm",
    "FiducialsCoordinateSystemDescription": "RAS orientation: Origin halfway between LPA and RPA, positive x-axis towards RPA, positive y-axis orthogonal to x-axis through Nasion,  z-axis orthogonal to xy-plane, pointing in superior direction.",
    "FiducialsCoordinates": {
        "AC": [
            -0.1055978666666666,
            0.643416,
            -5.738060000000001
        ],
        "PC": [
            -0.1301336666666666,
            -24.57483333333333,
            -4.15025
        ],
        "infracollicular sulcus": [
            -0.2870533333333333,
            -34.74203333333333,
            -12.531733333333332
        ],
        "PMJ": [
            -0.474965,
            -21.622533333333337,
            -19.913866666666667
        ],
        "superior interpeduncular fossa": [
            -0.2253483333333333,
            -14.227866666666666,
            -11.948066666666668
        ],
        "R superior LMS": [
            10.717426666666668,
            -26.00443333333333,
            -11.149033333333334
        ],
        "L superior LMS": [
            -12.1039,
            -25.52266666666667,
            -10.466766666666668
        ],
        "R inferior LMS": [
            9.375526666666666,
            -27.0605,
            -18.88823333333333
        ],
        "L inferior LMS": [
            -10.170833333333333,
            -27.08333333333333,
            -18.9582
        ],
        "culmen": [
            -0.2465193333333333,
            -47.90936666666666,
            0.862432
        ],
        "intermammillary sulcus": [
            -0.0342228666666666,
            -9.507326666666666,
            -15.673033333333333
        ],
        "R MB": [
            1.7599833333333337,
            -9.387086666666669,
            -15.105866666666666
        ],
        "L MB": [
            -1.88466,
            -9.47544,
            -14.742866666666666
        ],
        "pineal gland": [
            -0.0020175333333333,
            -28.001900000000003,
            0.19804
        ],
        "R LV at AC": [
            13.698299999999998,
            0.3828553333333333,
            21.487566666666662
        ],
        "L LV at AC": [
            -14.0573,
            0.3510193333333333,
            21.817066666666665
        ],
        "R LV at PC": [
            16.9606,
            -25.11446666666667,
            21.967966666666666
        ],
        "L LV at PC": [
            -16.9222,
            -24.97236666666667,
            22.0318
        ],
        "genu of CC": [
            -0.3250376666666666,
            30.023300000000003,
            0.1199533333333332
        ],
        "splenium of CC": [
            -0.4520199999999999,
            -36.2834,
            3.1590666666666665
        ],
        "R AL temporal horn": [
            30.04063333333333,
            -6.357106666666667,
            -23.62483333333333
        ],
        "L AL temporal horn": [
            -29.385933333333337,
            -8.55045,
            -22.001
        ],
        "R superior AM temporal horn": [
            14.587533333333331,
            -11.278899999999998,
            -16.994600000000002
        ],
        "L superior AM temporal horn": [
            -16.0157,
            -11.9415,
            -16.0562
        ],
        "R inferior AM temporal horn": [
            19.206933333333332,
            -5.8845100000000015,
            -24.3432
        ],
        "L inferior AM temporal horn": [
            -18.098633333333336,
            -7.7802,
            -24.66483333333333
        ],
        "R indusium griseum origin": [
            9.958533333333332,
            -35.712399999999995,
            -0.30502
        ],
        "L indusium griseum origin": [
            -10.320633333333332,
            -36.8065,
            -0.3935991666666666
        ],
        "R ventral occipital horn": [
            18.4278,
            -70.54503333333334,
            3.667203333333333
        ],
        "L ventral occipital horn": [
            -15.560466666666663,
            -73.4712,
            3.2810833333333336
        ],
        "R olfactory sulcal fundus": [
            9.774733333333332,
            15.5291,
            -10.729833333333332
        ],
        "L olfactory sulcal fundus": [
            -10.771300000000002,
            14.2293,
            -11.579166666666666
        ]
    }
}
