{
    "IntendedFor": "anat/*_space-T1w_desc-groundtruth_afids.fcsv",
    "FiducialsCoordinateSystem": "RAS",
    "FiducialsCoordinateUnits": "mm",
    "FiducialsCoordinateSystemDescription": "RAS orientation: Origin halfway between LPA and RPA, positive x-axis towards RPA, positive y-axis orthogonal to x-axis through Nasion,  z-axis orthogonal to xy-plane, pointing in superior direction.",
    "FiducialsCoordinates": {
        "AC": [
            -1.4574939395176931,
            -0.0971992712924417,
            -4.579863333333333
        ],
        "PC": [
            -1.3529507140504489,
            -25.94445547614342,
            -5.110483333333334
        ],
        "infracollicular sulcus": [
            -1.5018764284302684,
            -37.66371047581405,
            -14.717900011920928
        ],
        "PMJ": [
            -1.0617121428100895,
            -24.213865713721077,
            -20.959633333333333
        ],
        "superior interpeduncular fossa": [
            -1.233209761763602,
            -14.556742379728988,
            -12.189166662693024
        ],
        "R superior LMS": [
            9.268147618953511,
            -27.6378002382364,
            -11.5622
        ],
        "L superior LMS": [
            -11.368644047383782,
            -27.90947785718991,
            -11.302766666666663
        ],
        "R inferior LMS": [
            7.723899523527201,
            -30.58325571437982,
            -20.7339
        ],
        "L inferior LMS": [
            -10.688888571240357,
            -30.13715571437982,
            -20.0123
        ],
        "culmen": [
            -2.1245333333333334,
            -61.270251258011086,
            -2.009770971332104
        ],
        "intermammillary sulcus": [
            -0.9903397617636012,
            -9.573964999670624,
            -16.13596667064031
        ],
        "R MB": [
            0.5966704751552977,
            -9.50064404738378,
            -14.882700007947284
        ],
        "L MB": [
            -2.993109760446101,
            -9.517850952286844,
            -14.375366678587596
        ],
        "pineal gland": [
            -1.25605,
            -29.87178364277105,
            -2.9820412384340518
        ],
        "R LV at AC": [
            8.557659884284597,
            -0.3351693333333332,
            17.82542579077443
        ],
        "L LV at AC": [
            -12.53094414551611,
            -0.0627853333333333,
            19.66158657756356
        ],
        "R LV at PC": [
            14.648579964593916,
            -25.852333337306977,
            18.912252315037417
        ],
        "L LV at PC": [
            -16.018773396624198,
            -25.68380000397364,
            19.73213783816937
        ],
        "genu of CC": [
            -1.2036036231879108,
            29.025950199349296,
            0.8204649930842342
        ],
        "splenium of CC": [
            -1.8366933333333333,
            -39.45314105534744,
            2.8587284516817726
        ],
        "R AL temporal horn": [
            31.379947095492184,
            -5.080800000000001,
            -22.859
        ],
        "L AL temporal horn": [
            -32.69352200535553,
            -7.386113321412405,
            -19.14522457413885
        ],
        "R superior AM temporal horn": [
            16.507536724195198,
            -11.461999968210854,
            -16.103233956700468
        ],
        "L superior AM temporal horn": [
            -17.994958014841526,
            -11.210799964237212,
            -16.094587575917483
        ],
        "R inferior AM temporal horn": [
            17.90965361921701,
            -4.69968,
            -22.87711376215885
        ],
        "L inferior AM temporal horn": [
            -18.31800054805236,
            -4.9815233333333335,
            -23.21592028588368
        ],
        "R indusium griseum origin": [
            6.391013139892604,
            -40.422266666666665,
            0.358268885650386
        ],
        "L indusium griseum origin": [
            -9.064399688548258,
            -42.29336666666666,
            2.4186986812543947
        ],
        "R ventral occipital horn": [
            18.53977782397417,
            -77.4496000079473,
            3.069365374590145
        ],
        "L ventral occipital horn": [
            -16.613491089273236,
            -79.39186665871938,
            7.431721652200896
        ],
        "R olfactory sulcal fundus": [
            7.836232404022581,
            15.26997229827632,
            -10.4208
        ],
        "L olfactory sulcal fundus": [
            -11.511512730122565,
            14.422816945488824,
            -10.107900003973644
        ]
    }
}
