{
    "IntendedFor": "anat/*_space-T1w_desc-groundtruth_afids.fcsv",
    "FiducialsCoordinateSystem": "RAS",
    "FiducialsCoordinateUnits": "mm",
    "FiducialsCoordinateSystemDescription": "RAS orientation: Origin halfway between LPA and RPA, positive x-axis towards RPA, positive y-axis orthogonal to x-axis through Nasion,  z-axis orthogonal to xy-plane, pointing in superior direction.",
    "FiducialsCoordinates": {
        "AC": [
            -0.2731146402828936,
            2.728286677235476,
            1.8697395787938484
        ],
        "PC": [
            0.0798664762747917,
            -22.866393689052504,
            1.956972916100825
        ],
        "infracollicular sulcus": [
            0.1780866806862667,
            -32.6070013511694,
            -7.620346666666667
        ],
        "PMJ": [
            0.0875760753529946,
            -17.49980765200653,
            -13.845800003973643
        ],
        "superior interpeduncular fossa": [
            0.0450691420196613,
            -12.18092149815232,
            -5.202360003973642
        ],
        "R superior LMS": [
            10.232185441924647,
            -22.852070751236663,
            -5.863156666666666
        ],
        "L superior LMS": [
            -10.92191927382963,
            -23.729098231728063,
            -5.569883333333333
        ],
        "R inferior LMS": [
            9.895061930219484,
            -24.07810337108269,
            -13.566599996026357
        ],
        "L inferior LMS": [
            -9.450332506825536,
            -24.971375177103983,
            -14.095066662693023
        ],
        "culmen": [
            -0.0773321999999999,
            -49.39182849360154,
            4.943249287786871
        ],
        "intermammillary sulcus": [
            -0.0632826952153921,
            -5.759476592900893,
            -8.81686
        ],
        "R MB": [
            1.8805899012203136,
            -5.147288934037666,
            -7.903683333333333
        ],
        "L MB": [
            -2.1696077799459377,
            -5.419815600704332,
            -8.037036666666667
        ],
        "pineal gland": [
            -0.2514273333333333,
            -27.04902207093518,
            4.361609159810867
        ],
        "R LV at AC": [
            12.794355245906686,
            4.347580019868214,
            27.985833130851905
        ],
        "L LV at AC": [
            -13.84828522517759,
            2.587320019868215,
            27.59055771943052
        ],
        "R LV at PC": [
            16.91783831140606,
            -23.319976499773663,
            27.89028613504813
        ],
        "L LV at PC": [
            -16.02411746783419,
            -23.841443166440328,
            27.85318121733241
        ],
        "genu of CC": [
            0.121722560740839,
            30.8122,
            11.027027185885622
        ],
        "splenium of CC": [
            0.29763,
            -34.94344154298765,
            8.032109347507319
        ],
        "R AL temporal horn": [
            30.84153945528877,
            -2.0143466706403097,
            -16.426606228704163
        ],
        "L AL temporal horn": [
            -29.400594046807964,
            -3.593369996026357,
            -16.50317101017049
        ],
        "R superior AM temporal horn": [
            15.563889098897867,
            -6.6946133373069765,
            -8.606315954842334
        ],
        "L superior AM temporal horn": [
            -15.455770739749235,
            -8.603746658719382,
            -9.546661556041526
        ],
        "R inferior AM temporal horn": [
            16.001451366763728,
            -1.303693341280619,
            -14.623876037371408
        ],
        "L inferior AM temporal horn": [
            -16.880136778015785,
            -3.544960000000001,
            -17.462537676837155
        ],
        "R indusium griseum origin": [
            13.348206740050236,
            -35.3520681743197,
            6.030286666666668
        ],
        "L indusium griseum origin": [
            -11.727452033251476,
            -38.79568222052577,
            6.34412332935969
        ],
        "R ventral occipital horn": [
            20.427512056686748,
            -68.98219999999999,
            8.309185855307012
        ],
        "L ventral occipital horn": [
            -19.540134525420715,
            -64.43367082944192,
            2.876028662701357
        ],
        "R olfactory sulcal fundus": [
            10.641289998404218,
            19.59006636915843,
            0.8721458609368337
        ],
        "L olfactory sulcal fundus": [
            -11.117524141131994,
            16.272445265527242,
            -1.527445763211969
        ]
    }
}
