{
    "IntendedFor": "anat/*_space-T1w_desc-groundtruth_afids.fcsv",
    "FiducialsCoordinateSystem": "RAS",
    "FiducialsCoordinateUnits": "mm",
    "FiducialsCoordinateSystemDescription": "RAS orientation: Origin halfway between LPA and RPA, positive x-axis towards RPA, positive y-axis orthogonal to x-axis through Nasion,  z-axis orthogonal to xy-plane, pointing in superior direction.",
    "FiducialsCoordinates": {
        "AC": [
            0.9613613333333334,
            3.00762,
            -4.785313333333334
        ],
        "PC": [
            0.8894236666666666,
            -24.9291,
            -1.0354133333333333
        ],
        "infracollicular sulcus": [
            0.7881556666666668,
            -36.3873,
            -8.19276
        ],
        "PMJ": [
            1.3023933333333335,
            -23.5684,
            -17.251266666666666
        ],
        "superior interpeduncular fossa": [
            1.033936,
            -12.990666666666668,
            -9.445653333333334
        ],
        "R superior LMS": [
            13.4927,
            -26.990166666666667,
            -7.40478
        ],
        "L superior LMS": [
            -11.294633333333335,
            -26.5017,
            -7.955893333333333
        ],
        "R inferior LMS": [
            12.252366666666669,
            -30.6302,
            -16.448833333333333
        ],
        "L inferior LMS": [
            -9.762933333333336,
            -30.014766666666663,
            -15.637966666666664
        ],
        "culmen": [
            -0.4844699999999999,
            -53.16516666666666,
            4.328373333333333
        ],
        "intermammillary sulcus": [
            0.9367473333333334,
            -7.727773333333334,
            -14.262099999999998
        ],
        "R MB": [
            3.166956666666666,
            -7.699743333333333,
            -13.077
        ],
        "L MB": [
            -1.1186766666666668,
            -7.527953333333333,
            -13.153333333333334
        ],
        "pineal gland": [
            0.6417086666666667,
            -31.697166666666664,
            2.3303266666666667
        ],
        "R LV at AC": [
            14.2002,
            2.5718866666666664,
            20.255800000000004
        ],
        "L LV at AC": [
            -13.2555,
            2.6098033333333333,
            20.294600000000003
        ],
        "R LV at PC": [
            18.358666666666668,
            -24.2054,
            22.2377
        ],
        "L LV at PC": [
            -17.711166666666667,
            -24.825233333333333,
            21.058333333333334
        ],
        "genu of CC": [
            0.7504936666666667,
            34.7061,
            3.66227
        ],
        "splenium of CC": [
            -0.0714009999999999,
            -35.9388,
            7.372913333333334
        ],
        "R AL temporal horn": [
            35.2154,
            -4.8687000000000005,
            -25.6307
        ],
        "L AL temporal horn": [
            -33.5275,
            -8.351336666666667,
            -21.880566666666667
        ],
        "R superior AM temporal horn": [
            20.4371,
            -10.826299999999998,
            -14.260366666666668
        ],
        "L superior AM temporal horn": [
            -18.721733333333336,
            -10.33056,
            -15.273733333333332
        ],
        "R inferior AM temporal horn": [
            24.461166666666667,
            -7.293550000000001,
            -26.561866666666663
        ],
        "L inferior AM temporal horn": [
            -23.084233333333334,
            -7.496166666666667,
            -26.3016
        ],
        "R indusium griseum origin": [
            15.748133333333334,
            -40.79533333333334,
            6.822360000000001
        ],
        "L indusium griseum origin": [
            -13.494533333333331,
            -40.42846666666667,
            5.9561666666666655
        ],
        "R ventral occipital horn": [
            18.526266666666668,
            -71.48190000000001,
            4.846133333333333
        ],
        "L ventral occipital horn": [
            -17.364633333333334,
            -78.0859,
            1.361360333333333
        ],
        "R olfactory sulcal fundus": [
            10.9361,
            19.33343333333333,
            -9.232523333333331
        ],
        "L olfactory sulcal fundus": [
            -10.0999,
            17.812833333333334,
            -10.544466666666668
        ]
    }
}
