{
    "IntendedFor": "anat/*_space-T1w_desc-groundtruth_afids.fcsv",
    "FiducialsCoordinateSystem": "RAS",
    "FiducialsCoordinateUnits": "mm",
    "FiducialsCoordinateSystemDescription": "RAS orientation: Origin halfway between LPA and RPA, positive x-axis towards RPA, positive y-axis orthogonal to x-axis through Nasion,  z-axis orthogonal to xy-plane, pointing in superior direction.",
    "FiducialsCoordinates": {
        "AC": [
            -0.0470424468800819,
            1.8763498877815648,
            -7.514970000000001
        ],
        "PC": [
            0.4764716666666659,
            -25.19163918636696,
            -4.441
        ],
        "infracollicular sulcus": [
            0.7147676102247796,
            -33.72462951438231,
            -14.22853334128062
        ],
        "PMJ": [
            0.3244181299250719,
            -19.139243005317983,
            -20.79139999602636
        ],
        "superior interpeduncular fossa": [
            0.3150307000000007,
            -12.513995164007676,
            -11.909166666666666
        ],
        "R superior LMS": [
            10.545633333333331,
            -25.46578727689145,
            -12.686533333333337
        ],
        "L superior LMS": [
            -9.706607348318718,
            -26.129081423857823,
            -12.708100000000002
        ],
        "R inferior LMS": [
            10.027587276891447,
            -27.656223412134505,
            -21.88860001986821
        ],
        "L inferior LMS": [
            -9.089448240752928,
            -27.486603818951025,
            -22.073333353201548
        ],
        "culmen": [
            0.3834606666666666,
            -47.49106993036264,
            1.7248450905429762
        ],
        "intermammillary sulcus": [
            0.3399747965917378,
            -7.690443129925074,
            -16.9674
        ],
        "R MB": [
            1.824556384457236,
            -7.474523536741594,
            -15.786000003973646
        ],
        "L MB": [
            -1.7391882151315798,
            -7.17014816932566,
            -16.06746667064031
        ],
        "pineal gland": [
            0.91094,
            -30.60272096994152,
            -1.2322686445614035
        ],
        "R LV at AC": [
            14.42710760090003,
            2.845310019868215,
            21.54635261927906
        ],
        "L LV at AC": [
            -15.216788136633095,
            2.5667566865348816,
            20.950097655014968
        ],
        "R LV at PC": [
            17.311901164950545,
            -24.018133309491475,
            23.00440526872601
        ],
        "L LV at PC": [
            -16.686927296992078,
            -24.639133309491477,
            23.87372806460732
        ],
        "genu of CC": [
            -0.5732854179265646,
            30.86093996918493,
            2.112383398528713
        ],
        "splenium of CC": [
            0.575837,
            -35.40346612643275,
            4.531561289122807
        ],
        "R AL temporal horn": [
            33.24017836906924,
            -3.270646674613953,
            -25.558179534019786
        ],
        "L AL temporal horn": [
            -32.24768069897033,
            -8.167333333333334,
            -20.81853976700989
        ],
        "R superior AM temporal horn": [
            16.98059883504946,
            -9.130266666666666,
            -15.66045379931355
        ],
        "L superior AM temporal horn": [
            -15.415698067434214,
            -9.20992999602636,
            -17.03999589622453
        ],
        "R inferior AM temporal horn": [
            19.54789356632344,
            -3.08802,
            -24.56035379931355
        ],
        "L inferior AM temporal horn": [
            -21.039066666666667,
            -5.333746666666666,
            -25.16180643367656
        ],
        "R indusium griseum origin": [
            15.92735979659174,
            -40.444766666666666,
            5.220503333333333
        ],
        "L indusium griseum origin": [
            -13.857463824387796,
            -46.47058574123721,
            4.35502667064031
        ],
        "R ventral occipital horn": [
            22.373810335609125,
            -74.29433333333333,
            5.207050166665526
        ],
        "L ventral occipital horn": [
            -14.390680110526317,
            -79.06156666666666,
            3.379579435233918
        ],
        "R olfactory sulcal fundus": [
            12.804346056441888,
            18.99175979659174,
            -11.243266662693024
        ],
        "L olfactory sulcal fundus": [
            -12.791667683707963,
            17.56101272310855,
            -12.283566662693024
        ]
    }
}
