{
    "IntendedFor": "anat/*_space-T1w_desc-groundtruth_afids.fcsv",
    "FiducialsCoordinateSystem": "RAS",
    "FiducialsCoordinateUnits": "mm",
    "FiducialsCoordinateSystemDescription": "RAS orientation: Origin halfway between LPA and RPA, positive x-axis towards RPA, positive y-axis orthogonal to x-axis through Nasion,  z-axis orthogonal to xy-plane, pointing in superior direction.",
    "FiducialsCoordinates": {
        "AC": [
            0.9256323303324084,
            0.5477873543397972,
            -6.52649
        ],
        "PC": [
            0.5079043453370263,
            -26.864280672668517,
            -3.9987433333333335
        ],
        "infracollicular sulcus": [
            0.4857173423361035,
            -37.852123669667584,
            -13.633100011920927
        ],
        "PMJ": [
            1.0581733423361035,
            -24.641687399353646,
            -22.915966662693023
        ],
        "superior interpeduncular fossa": [
            1.3619706726685117,
            -15.328155597645427,
            -13.130699996026356
        ],
        "R superior LMS": [
            12.02227633033241,
            -27.92601302700831,
            -10.520533333333333
        ],
        "L superior LMS": [
            -9.85541004247461,
            -28.39129033633425,
            -11.950599992052716
        ],
        "R inferior LMS": [
            10.645495657663895,
            -31.70025266066482,
            -21.7678
        ],
        "L inferior LMS": [
            -8.760511447830105,
            -30.92248501500461,
            -21.75423333333333
        ],
        "culmen": [
            -0.6952847666666666,
            -52.7672225414936,
            1.9917802571898755
        ],
        "intermammillary sulcus": [
            1.4315096636657427,
            -10.18035798199446,
            -18.31523333333333
        ],
        "R MB": [
            3.5803249549861484,
            -9.79729467867036,
            -17.03386667461395
        ],
        "L MB": [
            -0.3816789609879967,
            -9.595304342336105,
            -16.522100007947287
        ],
        "pineal gland": [
            0.5796506706403095,
            -31.652808724185675,
            -0.1719983045738301
        ],
        "R LV at AC": [
            12.764227432234565,
            0.9331333492279054,
            20.579260567950588
        ],
        "L LV at AC": [
            -13.513180991703578,
            1.8208833492279053,
            21.53191844335456
        ],
        "R LV at PC": [
            18.536684539263025,
            -27.12996664679845,
            22.832909945719944
        ],
        "L LV at PC": [
            -17.82194433029547,
            -23.47306664679845,
            21.144791240895568
        ],
        "genu of CC": [
            1.2699766666666668,
            32.3776,
            2.0062151996708684
        ],
        "splenium of CC": [
            -0.02905,
            -34.05453282908864,
            7.053905895097039
        ],
        "R AL temporal horn": [
            30.64350142931584,
            -5.78568667064031,
            -25.585008911245595
        ],
        "L AL temporal horn": [
            -28.28878170213574,
            -7.755,
            -24.39072959236845
        ],
        "R superior AM temporal horn": [
            18.465768095982508,
            -11.879600007947287,
            -16.33632673373678
        ],
        "L superior AM temporal horn": [
            -16.363221387628748,
            -12.317333333333332,
            -15.722739932929892
        ],
        "R inferior AM temporal horn": [
            17.04691546851573,
            -5.500763333333334,
            -26.19711639317534
        ],
        "L inferior AM temporal horn": [
            -16.75636699549558,
            -6.389846662693024,
            -26.99918629615065
        ],
        "R indusium griseum origin": [
            11.178075157908872,
            -40.30936666666667,
            5.010663795663141
        ],
        "L indusium griseum origin": [
            -9.342741147352813,
            -40.0565,
            3.5443598782316266
        ],
        "R ventral occipital horn": [
            16.844311754471093,
            -74.84956666666666,
            6.735382143591441
        ],
        "L ventral occipital horn": [
            -16.2727744065338,
            -79.00683330551783,
            3.722710541075797
        ],
        "R olfactory sulcal fundus": [
            12.54346904478966,
            16.69466639683841,
            -13.645266662693023
        ],
        "L olfactory sulcal fundus": [
            -8.952675857365099,
            15.4886742507494,
            -14.817166650772094
        ]
    }
}
