{
    "IntendedFor": "anat/*_space-T1w_desc-groundtruth_afids.fcsv",
    "FiducialsCoordinateSystem": "RAS",
    "FiducialsCoordinateUnits": "mm",
    "FiducialsCoordinateSystemDescription": "RAS orientation: Origin halfway between LPA and RPA, positive x-axis towards RPA, positive y-axis orthogonal to x-axis through Nasion,  z-axis orthogonal to xy-plane, pointing in superior direction.",
    "FiducialsCoordinates": {
        "AC": [
            -0.3674794698415155,
            2.823993384241509,
            -4.647106666666667
        ],
        "PC": [
            -0.6516944124063425,
            -23.20030152556195,
            -2.2148533333333336
        ],
        "infracollicular sulcus": [
            -0.7027211751873175,
            -35.42066333605172,
            -10.816000059604642
        ],
        "PMJ": [
            -0.2782013333333335,
            -19.72109644035545,
            -19.17526667064031
        ],
        "superior interpeduncular fossa": [
            -0.0454982372190243,
            -12.410232964558205,
            -10.475000055631
        ],
        "R superior LMS": [
            10.735787357867324,
            -26.08237734560033,
            -9.680366722297666
        ],
        "L superior LMS": [
            -12.02419021676261,
            -23.70058867280017,
            -9.974330055631
        ],
        "R inferior LMS": [
            2.968249419899032,
            -27.985995283568624,
            -18.36786668256124
        ],
        "L inferior LMS": [
            -3.427719481930739,
            -27.608577345600327,
            -17.80623335320155
        ],
        "culmen": [
            -1.5786123253860471,
            -52.82010945018629,
            3.686287671790653
        ],
        "intermammillary sulcus": [
            -0.090604158146017,
            -6.750212316292031,
            -14.581800007947283
        ],
        "R MB": [
            2.238555576685854,
            -6.898059237219023,
            -13.171700007947283
        ],
        "L MB": [
            -1.905339480571547,
            -6.614599237219022,
            -13.17803334128062
        ],
        "pineal gland": [
            -0.8213184744380483,
            -32.082137401498535,
            1.10742
        ],
        "R LV at AC": [
            15.349500508520654,
            0.852968158146016,
            22.468800003973644
        ],
        "L LV at AC": [
            -15.0454943558114,
            4.037514841853984,
            21.36083333730697
        ],
        "R LV at PC": [
            16.92051692092699,
            -27.175246186095123,
            21.853666662693023
        ],
        "L LV at PC": [
            -17.512518904548156,
            -23.308956496253654,
            22.559033329359693
        ],
        "genu of CC": [
            0.1831281301969101,
            34.868080027949105,
            -1.4258333333333333
        ],
        "splenium of CC": [
            -0.7050556666666666,
            -40.181053132566944,
            5.510454172663105
        ],
        "R AL temporal horn": [
            30.460657445100704,
            -6.298613333333333,
            -21.109503913341708
        ],
        "L AL temporal horn": [
            -33.406351764894005,
            -5.426146666666665,
            -20.050774508863302
        ],
        "R superior AM temporal horn": [
            15.980824932154611,
            -7.400693337306976,
            -14.431185689190428
        ],
        "L superior AM temporal horn": [
            -17.669870979075288,
            -7.6163,
            -12.995892157803365
        ],
        "R inferior AM temporal horn": [
            17.302133333333334,
            -3.710606666666667,
            -23.034185880847943
        ],
        "L inferior AM temporal horn": [
            -18.780457482867337,
            -2.82931,
            -25.127291566840277
        ],
        "R indusium griseum origin": [
            11.935350762780976,
            -41.960967175187314,
            3.5741466626930234
        ],
        "L indusium griseum origin": [
            -11.211795004077578,
            -40.30056564962536,
            2.8189999960263568
        ],
        "R ventral occipital horn": [
            16.751193558627584,
            -82.73550973393422,
            2.558620003973642
        ],
        "L ventral occipital horn": [
            -21.22088497852105,
            -77.4415681817254,
            4.28571332935969
        ],
        "R olfactory sulcal fundus": [
            10.704968788931543,
            16.915698418206926,
            -11.09855992052714
        ],
        "L olfactory sulcal fundus": [
            -13.55262574883555,
            19.576032943100504,
            -13.05275990860621
        ]
    }
}
