{
    "IntendedFor": "anat/*_space-T1w_desc-groundtruth_afids.fcsv",
    "FiducialsCoordinateSystem": "RAS",
    "FiducialsCoordinateUnits": "mm",
    "FiducialsCoordinateSystemDescription": "RAS orientation: Origin halfway between LPA and RPA, positive x-axis towards RPA, positive y-axis orthogonal to x-axis through Nasion,  z-axis orthogonal to xy-plane, pointing in superior direction.",
    "FiducialsCoordinates": {
        "AC": [
            0.5194423849953831,
            2.870476330332411,
            -7.729953333333333
        ],
        "PC": [
            0.3233618969990771,
            -24.820223669667588,
            -3.619346666666667
        ],
        "infracollicular sulcus": [
            0.3954750060018464,
            -37.05765266066482,
            -11.875233345254264
        ],
        "PMJ": [
            0.74158467867036,
            -21.60704299699908,
            -18.752366662693024
        ],
        "superior interpeduncular fossa": [
            0.7732803393351787,
            -12.960941591643582,
            -11.9068
        ],
        "R superior LMS": [
            10.673647339335178,
            -26.58432801200369,
            -11.191400003973644
        ],
        "L superior LMS": [
            -9.79041774815328,
            -26.234599021006463,
            -12.000099999999998
        ],
        "R inferior LMS": [
            10.712142018005538,
            -30.77375266066481,
            -20.82943333333333
        ],
        "L inferior LMS": [
            -9.207978757156054,
            -30.056704342336104,
            -21.284966662693023
        ],
        "culmen": [
            -1.3333666666666666,
            -53.20239711952755,
            2.994024756921877
        ],
        "intermammillary sulcus": [
            0.7633233333333331,
            -8.110896666666665,
            -16.334333333333333
        ],
        "R MB": [
            2.4951226306555845,
            -8.064121009002768,
            -15.365666670640309
        ],
        "L MB": [
            -1.28719926731302,
            -7.927260672668512,
            -15.441733337306976
        ],
        "pineal gland": [
            0.3281675333333333,
            -29.352209751925585,
            -0.8863877760117508
        ],
        "R LV at AC": [
            11.712693556863677,
            4.214473361148834,
            17.663068131919005
        ],
        "L LV at AC": [
            -12.454618230417031,
            4.302766694482168,
            16.881366067341446
        ],
        "R LV at PC": [
            16.792988756498147,
            -24.33036662693024,
            18.905654133910435
        ],
        "L LV at PC": [
            -16.144538209937682,
            -24.27716662693024,
            17.3333257050554
        ],
        "genu of CC": [
            0.0112216106403096,
            34.38173333333334,
            -1.4027116266862505
        ],
        "splenium of CC": [
            -0.3980537457112534,
            -39.96299168077047,
            4.096777118937976
        ],
        "R AL temporal horn": [
            31.033719798789672,
            -6.23925001192093,
            -24.658075577912257
        ],
        "L AL temporal horn": [
            -29.113380440495167,
            -6.089766678587597,
            -23.098702143973764
        ],
        "R superior AM temporal horn": [
            16.858604455622796,
            -10.9394,
            -16.83791996646494
        ],
        "L superior AM temporal horn": [
            -16.003120337620278,
            -10.216000003973642,
            -17.99502904538581
        ],
        "R inferior AM temporal horn": [
            16.835188944780647,
            -3.847913337306976,
            -24.076171122289463
        ],
        "L inferior AM temporal horn": [
            -17.573524793243074,
            -3.466380007947285,
            -25.467500167675272
        ],
        "R indusium griseum origin": [
            9.305064522692907,
            -39.9956,
            1.582491122289464
        ],
        "L indusium griseum origin": [
            -10.442454808875736,
            -40.58556666269302,
            1.539006700201722
        ],
        "R ventral occipital horn": [
            16.910404455622793,
            -78.36323333333333,
            1.5992600335350546
        ],
        "L ventral occipital horn": [
            -18.99644063943577,
            -79.05233332935968,
            4.602633568078715
        ],
        "R olfactory sulcal fundus": [
            11.09697969367498,
            16.396757981994458,
            -14.3894
        ],
        "L olfactory sulcal fundus": [
            -10.952163682132964,
            17.645264282317637,
            -13.00393334128062
        ]
    }
}
